mw,logp,hbd,hba,tpsa,rotatable_bonds,aromatic_rings,heavy_atoms,fraction_csp3,num_rings,num_saturated_rings,num_aliphatic_rings,max_ring_size,num_heteroatoms,num_amide_bonds,num_carboxyl,num_hydroxyl,num_aromatic_oh,num_ether,num_ester,ecfp4_000,ecfp4_001,ecfp4_002,ecfp4_003,ecfp4_004,ecfp4_005,ecfp4_006,ecfp4_007,ecfp4_008,ecfp4_009,ecfp4_010,ecfp4_011,ecfp4_012,ecfp4_013,ecfp4_014,ecfp4_015,ecfp4_016,ecfp4_017,ecfp4_018,ecfp4_019,ecfp4_020,ecfp4_021,ecfp4_022,ecfp4_023,ecfp4_024,ecfp4_025,ecfp4_026,ecfp4_027,ecfp4_028,ecfp4_029,ecfp4_030,ecfp4_031,ecfp4_032,ecfp4_033,ecfp4_034,ecfp4_035,ecfp4_036,ecfp4_037,ecfp4_038,ecfp4_039,ecfp4_040,ecfp4_041,ecfp4_042,ecfp4_043,ecfp4_044,ecfp4_045,ecfp4_046,ecfp4_047,ecfp4_048,ecfp4_049,ecfp4_050,ecfp4_051,ecfp4_052,ecfp4_053,ecfp4_054,ecfp4_055,ecfp4_056,ecfp4_057,ecfp4_058,ecfp4_059,ecfp4_060,ecfp4_061,ecfp4_062,ecfp4_063,ecfp4_064,ecfp4_065,ecfp4_066,ecfp4_067,ecfp4_068,ecfp4_069,ecfp4_070,ecfp4_071,ecfp4_072,ecfp4_073,ecfp4_074,ecfp4_075,ecfp4_076,ecfp4_077,ecfp4_078,ecfp4_079,ecfp4_080,ecfp4_081,ecfp4_082,ecfp4_083,ecfp4_084,ecfp4_085,ecfp4_086,ecfp4_087,ecfp4_088,ecfp4_089,ecfp4_090,ecfp4_091,ecfp4_092,ecfp4_093,ecfp4_094,ecfp4_095,ecfp4_096,ecfp4_097,ecfp4_098,ecfp4_099,ecfp4_100,ecfp4_101,ecfp4_102,ecfp4_103,ecfp4_104,ecfp4_105,ecfp4_106,ecfp4_107,ecfp4_108,ecfp4_109,ecfp4_110,ecfp4_111,ecfp4_112,ecfp4_113,ecfp4_114,ecfp4_115,ecfp4_116,ecfp4_117,ecfp4_118,ecfp4_119,ecfp4_120,ecfp4_121,ecfp4_122,ecfp4_123,ecfp4_124,ecfp4_125,ecfp4_126,ecfp4_127,aliphatic_c_count,aromatic_substitution_count,has_ortho_oh_amide,carboxyl_count,amine_count,hydrophobic_atom_count
3.5559185,0.8535941,-0.70172584,1.4943601,-0.32959038,-0.037873436,0.9133096,0.14420278,0.2303656,0.028723942,0.0,0.0,0.0,-0.21717301,-1.3667461,-0.061148733,-0.0002959557,0.0,0.15208644,1.9459676,0.097583584,0.1203807,0.0,-0.14110088,-0.018375883,0.14261036,0.0,-1.866499,0.0,0.0,-0.15479921,0.012601213,0.41699582,-0.12958257,-0.01728928,0.053859122,0.0,-0.056146514,0.0,0.51191473,0.0,0.0,0.0,0.0,0.0,0.0,0.11698874,0.15707132,0.103542924,0.014065947,0.041664552,-0.05901223,0.07177771,0.0,-0.003413088,0.00019412758,0.0,0.0,0.0146394735,-0.19489646,0.0,0.0,-0.005551765,0.0,0.121942595,0.00434606,-0.028389871,0.0,0.0072730263,-0.0036333513,0.025899753,0.0,0.0,-0.0010166334,0.017360345,-0.013029288,0.0,0.0,0.23936155,-0.06902487,-0.22557613,0.0,0.013568422,0.023782395,0.23451893,0.0,0.0,0.015424145,-0.010215033,-1.0460705,0.4215054,0.09105656,-0.035607792,-0.6804199,-0.056322165,-0.09236761,0.029997157,0.062247895,0.0,0.00185713,0.0,-0.3938067,0.0,0.0022334303,0.0,0.4085206,-4.438761,0.0,0.0,0.0,0.0,0.21914203,0.0,0.11277884,-0.0042880024,-0.9512197,0.0,-0.20986219,0.014159656,1.0649294,0.31715655,0.0,0.0,0.0,0.0,0.0,0.7636529,0.0,0.015190199,0.0,0.0,0.0,0.0,0.0018247773,-0.0040691164,-0.019771267,0.0,0.07016848,0.0,0.0,0.0,-0.014430905,0.11432263,-0.037544776,0.0,0.0,0.0,0.0,0.19591983,0.0,0.0,0.0,-0.14267644,0.42026043
-18.057564,-0.3363186,0.18345341,9.26046,0.025676046,4.326515,-0.047680445,-0.6065366,-2.004526,-0.004419973,0.0,0.0,0.0,0.117458336,0.047778558,0.034343004,-0.008785425,0.0,0.11834938,1.2804034,-0.0091214245,0.27657866,0.0,-0.063812084,-0.013875072,-0.032250743,0.0,-0.05310517,0.0,0.0,-0.1138562,0.010736511,0.28403878,-0.10326747,0.020506281,0.025541842,0.0,0.5125678,0.0,0.5504263,0.0,0.0,0.0,0.0,0.0,0.0,-0.10513453,-0.07150612,0.033310294,-0.0067342855,0.035810657,-0.04646547,0.06340203,0.0,-0.0022180812,0.0002545228,0.0,0.0,-0.0010333777,-0.19172356,0.0,0.0,-0.003524546,0.0,0.04469218,0.0066656345,0.19556125,0.0,0.0038108458,-0.0037478262,0.013957575,0.0,0.0,-0.0010166334,0.007630675,-0.0066508837,0.0,0.0,0.14977299,0.021177115,-0.118199855,0.0,0.010716453,0.015245208,-0.017156512,0.0,0.0,0.015424145,-0.003370367,0.30465445,0.43241742,-0.010109863,-0.025907304,0.06772435,0.19035582,0.051439524,0.024416411,0.06598573,0.0,-0.0011539449,0.0,0.06021291,0.0,0.0031329372,0.0,0.2674034,0.47878763,0.0,0.0,0.0,0.0,0.13251364,0.0,-0.01477812,-0.005343304,3.0414717,0.0,-0.1717405,0.013443167,0.45532912,-0.07703231,0.0,0.0,0.0,0.0,0.0,0.48982978,0.0,0.007566272,0.0,0.0,0.0,0.0,0.0011741903,-0.0028821605,-0.01145905,0.0,0.03131385,0.0,0.0,0.0,-0.045821294,0.035892572,-0.037241876,0.0,0.0,0.0,0.0,-3.2288647,0.0,0.0,0.0,0.092547335,0.059616275
4.4898973,-0.18122208,0.39045715,1.6887339,0.0012579011,0.91257006,-0.047680445,-0.39151496,-1.7004457,-0.0047274893,0.0,0.0,0.0,0.16548052,0.11461016,0.102668166,-0.006748995,0.0,0.20380618,2.451965,-0.0091214245,0.63549775,0.0,-0.070978984,-0.013875072,-0.032250743,0.0,-0.0570542,0.0,0.0,-0.12728295,0.028155029,0.43606263,-0.15803787,0.1459334,0.053859122,0.0,0.3351449,0.0,0.60277873,0.0,0.0,0.0,0.0,0.0,0.0,-0.09945054,-0.112459235,0.02837553,0.02233886,0.036824375,-0.05069258,0.1075211,0.0,-0.0022180812,0.0002545228,0.0,0.0,-0.0010333777,-0.27659333,0.0,0.0,-0.003524546,0.0,0.08655877,0.0066656345,0.20532334,0.0,0.0038108458,-0.0037478262,0.013957575,0.0,0.0,-0.0010166334,0.017360345,-0.0066508837,0.0,0.0,0.23782606,0.021328365,-0.20552507,0.0,0.017216975,0.012628517,-0.017156512,0.0,0.0,0.015424145,-0.003370367,0.46698105,0.4542584,-0.0121257575,-0.023522466,0.15468419,0.09005371,0.06951311,0.03909666,0.06734648,0.0,-0.0011539449,0.0,0.10709734,0.0,0.0031335538,0.0,0.5492153,0.7819746,0.0,0.0,0.0,0.0,0.2200832,0.0,-0.01477812,-0.005343304,3.3011868,0.0,-0.2026704,0.013654185,1.1700372,-0.07703231,0.0,0.0,0.0,0.0,0.0,0.81934106,0.0,0.007566272,0.0,0.0,0.0,0.0,0.0011741903,-0.0028821605,-0.01145905,0.0,0.073252484,0.0,0.0,0.0,-0.016124211,0.035892572,-0.033225518,0.0,0.0,0.0,0.0,-0.54790545,0.0,0.0,0.0,0.118606485,0.34372956
8.15919,2.748429,0.4242577,1.7274945,0.08894338,1.3114847,-0.047680445,-0.25532296,1.2621711,-0.0044762804,0.0,0.0,0.0,0.21640025,0.13211583,0.106793836,-0.006748995,0.0,0.21704544,2.684912,-0.0091214245,0.87320924,0.0,-0.07059163,-0.013263435,-0.020214971,0.0,-0.026829371,0.0,0.0,-0.124151066,0.028155029,0.43606263,-0.16254537,0.16235942,0.053859122,0.0,0.42641106,0.0,0.69662046,0.0,0.0,0.0,0.0,0.0,0.0,-0.038485684,-0.112459235,0.02837553,0.06414883,0.039880287,-0.053197905,0.21764584,0.0,-0.0022180812,8.627892e-05,0.0,0.0,-0.0010333777,-0.28048518,0.0,0.0,-0.003524546,0.0,0.08655877,0.0054442156,0.28503278,0.0,0.0075344816,-0.0037478262,0.014356684,0.0,0.0,-0.0010166334,0.017360345,0.0019872223,0.0,0.0,0.34294474,0.021328365,-0.20502526,0.0,0.017216975,0.012628517,-0.017156512,0.0,0.0,0.0423802,-0.011736332,0.46639317,0.49293712,-0.013004522,-0.023023287,0.1762968,0.21456374,0.114023484,0.049126104,0.07556645,0.0,-0.0011539449,0.0,0.16255592,0.0,0.0031335538,0.0,0.702713,0.887385,0.0,0.0,0.0,0.0,0.27137765,0.0,-0.013580039,-0.007981489,5.8154526,0.0,-0.20911635,0.015089788,1.2519382,-0.07703231,0.0,0.0,0.0,0.0,0.0,0.9208859,0.0,0.020550132,0.0,0.0,0.0,0.0,0.0011741903,-0.0028821605,-0.01145905,0.0,0.07016848,0.0,0.0,0.0,-0.016124211,0.035892572,-0.03304097,0.0,0.0,0.0,0.0,1.8337654,0.0,0.0,0.0,0.19455653,1.7903202
7.1838565,1.7475383,0.42528155,1.7213821,0.071573734,0.9834129,-0.047680445,-0.32009155,1.1085334,-0.020264048,0.0,0.0,0.0,0.18817984,0.13211583,0.106793836,-0.0014190106,0.0,0.21704544,2.679976,-0.0147532625,0.87320924,0.0,-0.07059163,-0.013263435,-0.020067876,0.0,-0.026829371,0.0,0.0,-0.1273878,0.028155029,0.4470261,-0.1708975,0.13348694,0.053859122,0.0,0.38849762,0.0,0.7198144,0.0,0.0,0.0,0.0,0.0,0.0,-0.038272023,-0.112459235,0.02837553,0.06414883,0.033645645,-0.053197905,0.20426914,0.0,-0.0022180812,8.627892e-05,0.0,0.0,-0.007319738,-0.28048518,0.0,0.0,-0.003524546,0.0,0.08309079,0.013001217,0.23710653,0.0,0.0072730263,-0.0037478262,0.022482734,0.0,0.0,-0.0010166334,0.017360345,-0.004398932,0.0,0.0,0.3651806,0.021328365,-0.20798622,0.0,0.016264254,0.012628517,-0.017156512,0.0,0.0,0.0423802,-0.011736332,0.46639317,0.5065156,-0.013888361,-0.022901744,0.1762968,0.21456374,0.086361155,0.049126104,0.07254551,0.0,-0.0011539449,0.0,0.16255592,0.0,0.003095078,0.0,0.70099807,1.2187824,0.0,0.0,0.0,0.0,0.24388158,0.0,-0.013580039,-0.008080111,5.5724454,0.0,-0.21087462,0.012699934,1.2519382,-0.07703231,0.0,0.0,0.0,0.0,0.0,0.9068208,0.0,0.020550132,0.0,0.0,0.0,0.0,0.0011741903,-0.0028821605,-0.01145905,0.0,0.07016848,0.0,0.0,0.0,-0.016124211,0.035892572,-0.03304097,0.0,0.0,0.0,0.0,1.9520372,0.0,0.0,0.0,0.1875014,1.9600463
7.788783,2.2439702,0.4224079,1.7256268,0.18209572,4.1772156,-0.047680445,0.5346695,1.7751876,-0.020996079,0.0,0.0,0.0,0.12544961,0.16331135,0.073712245,-0.013028011,0.0,0.2485155,2.6803946,-0.012130627,0.8604236,0.0,-0.077161446,-0.013263435,-0.020067876,0.0,-0.026829371,0.0,0.0,-0.097963326,0.028155029,0.4470261,-0.18368313,0.13099603,0.053859122,0.0,0.4236881,0.0,0.73887575,0.0,0.0,0.0,0.0,0.0,0.0,-0.028973386,-0.112459235,0.023890987,0.15832275,0.071049355,-0.028963916,0.22614333,0.0,-0.0022180812,8.627892e-05,0.0,0.0,-0.007319738,-0.26827636,0.0,0.0,-0.003524546,0.0,0.086898856,0.013001217,0.24687135,0.0,0.0072730263,-0.0037478262,0.022482734,0.0,0.0,-0.0010166334,0.03435174,-0.004398932,0.0,0.0,0.38216895,0.021328365,-0.21878828,0.0,0.018967642,0.015275491,-0.0075070746,0.0,0.0,0.0426939,-0.0033703675,0.46440074,0.5403882,-0.010773602,-0.009501502,0.1724208,0.15646374,0.112775244,0.049126104,0.07673738,0.0,-0.0043100337,0.0,0.17696287,0.0,0.003095078,0.0,0.7722181,1.3071777,0.0,0.0,0.0,0.0,0.28326106,0.0,-0.017801354,-0.0049448432,5.122763,0.0,-0.21693493,0.01621265,1.3515716,-0.082189865,0.0,0.0,0.0,0.0,0.0,1.0300237,0.0,0.020550132,0.0,0.0,0.0,0.0,0.0011741903,-0.0028821605,-0.01145905,0.0,0.07016848,0.0,0.0,0.0,-0.016124211,0.045623716,-0.058383908,0.0,0.0,0.0,0.0,2.9377358,0.0,0.0,0.0,0.26762047,2.2584867
8.739903,1.9756525,0.33849314,1.6468154,0.078624,1.8326344,-0.043163598,-0.25674167,-1.1052641,0.0010837171,0.0,0.0,0.0,0.20707422,0.13287608,0.118927464,0.001714536,0.0,0.141874,2.346642,-0.011131989,0.8729237,0.0,-0.07059163,-0.013263435,-0.03907022,0.0,-0.026829371,0.0,0.0,-0.11536187,0.028155029,0.4424627,-0.15803787,0.1478016,0.053859122,0.0,0.35486057,0.0,0.67687666,0.0,0.0,0.0,0.0,0.0,0.0,0.10140515,-0.112459235,0.02837553,0.014655884,0.044887062,0.2893518,-0.07390476,0.0,-0.0022180812,0.00019412758,0.0,0.0,0.01609881,-0.26042032,0.0,0.0,-0.003524546,0.0,-0.451603,0.0062021217,0.23411295,0.0,0.0072730263,-0.0037478262,0.022083625,0.0,0.0,-0.0010166334,-0.21595077,0.0023030217,0.0,0.0,0.3406967,0.009575974,-0.20552507,0.0,0.017216975,0.012628517,-0.017156512,0.0,0.0,0.0423802,-0.011736332,0.3541513,0.48739502,-0.010193223,-0.022901744,0.15468419,0.086784564,0.10367144,0.049126104,0.068749815,0.0,0.0011539449,0.0,0.15014116,0.0,0.0031335538,0.0,0.5556259,-3.2104216,0.0,0.0,0.0,0.0,0.16203825,0.0,-0.013580039,-0.00488245,4.6236444,0.0,-0.20911635,0.015089788,1.2519382,-0.07703231,0.0,0.0,0.0,0.0,0.0,0.84987104,0.0,0.016967252,0.0,0.0,0.0,0.0,0.0011741903,-0.0028821605,-0.01145905,0.0,0.07016848,0.0,0.0,0.0,-0.016124211,0.035892572,-0.026819274,0.0,0.0,0.0,0.0,1.9847739,0.0,0.0,0.0,0.19727612,2.0064852
-0.93445253,-2.17377,0.10057547,1.2203101,-0.624752,-1.0894978,-0.08164132,-0.092138864,-2.0082119,-0.026574157,0.0,0.0,0.0,-0.15530215,0.06136163,-0.26026627,-0.023583971,0.0,-0.25107428,-11.737041,-0.005603823,-0.7627261,0.0,-0.19750765,-0.018210957,-0.062139064,0.0,-0.8534595,0.0,0.0,-0.42744127,0.0088015115,0.20610331,-0.63760185,0.0020870238,0.038917135,0.0,0.17346442,0.0,0.386477,0.0,0.0,0.0,0.0,0.0,0.0,-0.08730109,-0.5144329,-0.14796989,-0.038208023,-0.084182605,-0.0951558,0.06160157,0.0,-0.008189058,8.627892e-05,0.0,0.0,-0.0009786526,-0.85054564,0.0,0.0,-0.009392556,0.0,-0.99421346,0.0054442156,-0.038931984,0.0,0.0021916176,-0.0029614307,0.014434142,0.0,0.0,-0.0010166334,0.011665188,0.04003526,0.0,0.0,0.074802816,0.021677954,-0.20169948,0.0,-0.4161836,-0.23935471,-0.046903793,0.0,0.0,0.015238716,-0.0019616508,-1.7096643,-4.627254,-0.017624566,-0.032059107,-0.013501933,0.055127442,-0.037156094,0.016688041,0.053366702,0.0,-0.012706185,0.0,0.052368782,0.0,-0.06385375,0.0,0.2863541,0.6341006,0.0,0.0,0.0,0.0,0.122243494,0.0,-0.008488951,-0.011591647,-1.1051189,0.0,-0.8264003,0.0102367755,0.46370748,-0.328132,0.0,0.0,0.0,0.0,0.0,-3.5470898,0.0,-0.14732945,0.0,0.0,0.0,0.0,0.01086965,-0.0040691164,-0.047381654,0.0,0.028091617,0.0,0.0,0.0,-0.016124211,0.016098838,-0.12799351,0.0,0.0,0.0,0.0,-0.63904196,0.0,0.0,0.0,-0.1790162,-0.6682283
3.531603,1.4502463,0.28102508,1.2054198,-0.3765098,0.84255075,-0.063392505,0.33902195,-0.22463565,-0.005467831,0.0,0.0,0.0,-0.06513102,0.058237527,-0.15058745,0.025220968,0.0,-0.14988574,-10.191063,-0.0056888415,-0.41754007,0.0,-0.17799512,-0.018210957,-0.01819876,0.0,-0.44943672,0.0,0.0,-0.41538823,0.0088015115,0.29733685,-0.4759917,0.002901255,0.038917135,0.0,0.24211699,0.0,0.32628977,0.0,0.0,0.0,0.0,0.0,0.0,-0.026172735,-0.2520212,-0.0370778,0.026223097,-0.02993178,-0.031375688,0.0698272,0.0,-0.005028714,8.627892e-05,0.0,0.0,-0.0009786526,-0.802553,0.0,0.0,-0.009392556,0.0,-0.62119555,0.013001217,-0.036799088,0.0,0.001657793,-0.0029614307,0.018096555,0.0,0.0,-0.0010166332,0.011665188,0.030601261,0.0,0.0,0.0674047,0.020472085,-0.18314083,0.0,-0.35106108,-0.04059901,-0.034327116,0.0,0.0,0.015238716,-0.0018029723,-1.7045244,-2.4491327,-0.019011283,-0.032059107,0.08180722,0.062690325,0.022027487,0.013794303,0.06183116,0.0,-0.00185713,0.0,0.081356704,0.0,-0.021900788,0.0,0.26624957,0.55612224,0.0,0.0,0.0,0.0,0.1754462,0.0,-0.0074077747,-0.0052337404,-0.89896923,0.0,-0.52102196,0.012787523,0.5142716,-0.14851382,0.0,0.0,0.0,0.0,0.0,-2.4036255,0.0,-0.0813764,0.0,0.0,0.0,0.0,0.005519691,-0.0025829459,-0.027769815,0.0,0.028091617,0.0,0.0,0.0,-0.016124211,0.029454708,-0.10149111,0.0,0.0,0.0,0.0,-0.09345994,0.0,0.0,0.0,-0.079612084,-0.6020985
2.469125,-0.2385096,-0.5964604,1.4758805,-0.16355538,-0.4810536,-0.04681414,0.21628685,0.17795354,0.010474291,0.0,0.0,0.0,-0.22293732,-0.89765817,0.006559084,-0.23764747,0.0,0.10045517,1.4229596,0.0422858,-0.2905629,0.0,-0.19143061,-0.012582529,-0.04403172,0.0,-0.8482552,0.0,0.0,-0.3136732,-0.009424806,0.17629091,-0.21034509,0.005414438,0.064230196,0.0,0.31438565,0.0,0.37463778,0.0,0.0,0.0,0.0,0.0,0.0,0.069057874,0.120684706,-0.010605473,0.14962828,-0.031942166,-0.057948582,0.04375241,0.0,0.015499566,0.0012035909,0.0,0.0,0.0146394735,-0.38082933,0.0,0.0,-0.009392556,0.0,-0.34617013,-0.03643011,-0.053258523,0.0,0.004166753,0.018166758,-0.06865382,0.0,0.0,0.0038949768,0.0074636936,-0.0030004315,0.0,0.0,-0.9155927,0.018606957,-0.57841986,0.0,0.010652564,0.011044565,-0.00743787,0.0,0.0,0.014816776,0.01658488,-1.190269,-2.37623,-0.035276152,-0.039822735,0.08568322,-0.09119891,0.04278562,0.029062059,0.06030084,0.0,-0.00185713,0.0,-0.46808875,0.0,-0.013591807,0.0,-1.0147977,-4.2270346,0.0,0.0,0.0,0.0,0.13826635,0.0,0.03714562,0.016575439,-1.1665907,0.0,0.6249891,0.013097417,-2.2707908,0.07844482,0.0,0.0,0.0,0.0,0.0,0.5126026,0.0,-0.037583858,0.0,0.0,0.0,0.0,-0.0063867215,0.014206203,-0.011574931,0.0,0.07016848,0.0,0.0,0.0,-0.016124211,-0.14869954,0.047747146,0.0,0.0,0.0,0.0,0.021692187,0.0,0.0,0.0,-0.15424085,-0.41932413
3.570641,1.145868,-0.17727157,1.7015258,0.08597707,0.4889018,-0.03537588,0.036174208,1.1300896,0.034131758,0.0,0.0,0.0,-0.16419542,-0.8257782,0.0019367371,0.115696065,0.0,0.10384012,2.0734622,0.08531834,-0.11743046,0.0,-0.1858625,-0.012582529,-0.04427526,0.0,-0.769128,0.0,0.0,-0.35875812,-0.015593183,-0.75608754,0.45005468,-0.0049431617,0.13867863,0.0,-0.14633788,0.0,0.44976756,0.0,0.0,0.0,0.0,0.0,0.0,-0.037225835,0.13442597,0.036447257,0.05430064,-0.039718717,0.26964554,0.19247214,0.0,0.03558892,8.627892e-05,0.0,0.0,0.0019573052,-0.33419612,0.0,0.0,-0.009392556,0.0,0.065389715,-0.028068129,-0.021699678,0.0,0.0036941944,-0.0036333513,-0.11277146,0.0,0.0,0.0038949768,0.008077401,-0.013345086,0.0,0.0,0.13799952,0.03375528,1.8696835,0.0,0.011028249,0.0075715147,-0.00743787,0.0,0.0,0.014816776,0.00511262,-1.1882381,0.22373846,0.17028537,0.09661693,0.11683089,-0.07357346,0.1823152,0.016637377,0.06885635,0.0,0.012706186,0.0,0.11656178,0.0,-0.0012355624,0.0,-1.5272808,1.188125,0.0,0.0,0.0,0.0,0.19245647,0.0,0.07026929,0.024286494,-1.2003659,0.0,0.3818499,0.013651486,-1.6251432,0.07844482,0.0,0.0,0.0,0.0,0.0,0.47660273,0.0,0.007516771,0.0,0.0,0.0,0.0,0.0018247773,-0.0025829459,-0.011574931,0.0,0.073252484,0.0,0.0,0.0,-0.016124211,-0.23872079,0.053058803,0.0,0.0,0.0,0.0,0.3179799,0.0,0.0,0.0,-0.3221811,-0.17835549
4.9830155,-4.2688403,-0.6298481,1.7025285,0.1676633,5.340807,-0.07701666,0.2377808,-0.4092762,-0.009839796,0.0,0.0,0.0,-0.09367029,0.16971722,0.050363585,0.00089562614,0.0,0.24247144,2.5775163,-0.005525321,0.7567884,0.0,0.7589811,-0.06651197,0.14261036,0.0,-0.11139701,0.0,0.0,-0.28593904,0.0057480484,0.42334267,-0.2256411,0.006007131,0.03025953,0.0,-0.12116025,0.0,0.57788366,0.0,0.0,0.0,0.0,0.0,0.0,0.20238572,-0.122215606,-0.024581147,0.13184264,0.05177485,0.46764702,0.12957881,0.0,-0.003413088,0.0012035909,0.0,0.0,-0.0009786526,-0.3364561,0.0,0.0,-0.0024210974,0.0,0.14925665,0.011230103,-0.031448275,0.0,0.0072954604,-0.0029614307,0.025899753,0.0,0.0,-0.0010166334,0.030199248,-0.0022359234,0.0,0.0,0.2582148,0.026395932,-0.20144188,0.0,0.018491665,0.034754083,-0.016919786,0.0,0.0,0.0423802,-0.0019616508,0.1611572,0.49522346,-0.009404395,-0.009496648,0.047693036,-0.04694688,-0.018641794,0.018726638,0.071459785,0.0,0.00185713,0.0,0.14798315,0.0,-0.012163114,0.0,0.6216162,1.1467024,0.0,0.0,0.0,0.0,0.20451695,0.0,0.1426561,-0.008047072,-0.6784539,0.0,-0.5352482,0.015658269,1.1059021,-0.328132,0.0,0.0,0.0,0.0,0.0,0.89715624,0.0,0.015190199,0.0,0.0,0.0,0.0,-0.0063867215,-0.0016604232,0.03316716,0.0,0.041923966,0.0,0.0,0.0,-0.016124211,-0.107225925,0.123819485,0.0,0.0,0.0,0.0,1.83898,0.0,0.0,0.0,-0.2763019,1.9309366
8.795466,3.359872,-0.88913697,1.8265808,-0.22193514,6.6874337,-0.062096234,0.30692905,1.5377606,0.013191789,0.0,0.0,0.0,-0.13802929,0.16150431,-0.009420294,0.93794245,0.0,-0.4905178,2.9454963,-0.006249276,0.14585368,0.0,-0.081905566,-0.023468796,-0.041226238,0.0,0.0033984014,0.0,0.0,1.547569,0.026364503,0.47343966,1.0623128,0.025499232,0.13867863,0.0,-0.024247771,0.0,0.58032405,0.0,0.0,0.0,0.0,0.0,0.0,-0.026515495,-0.098747924,0.03499326,0.13088223,0.041698985,-0.09046962,0.25119066,0.0,-0.0037517585,8.627892e-05,0.0,0.0,-0.0009786526,-0.33812174,0.0,0.0,0.12679954,0.0,0.07316989,0.022431236,-0.047190916,0.0,0.0044985516,-0.0029614307,0.042162124,0.0,0.0,-0.0010166332,0.030199248,0.020876788,0.0,0.0,0.32468963,0.023237966,-0.2127352,0.0,0.018826487,0.025640838,-0.012372338,0.0,0.0,0.01555242,-0.0023461827,0.3564555,0.37275898,-0.012364802,-0.026848719,0.18784621,-0.056078967,-0.020914584,0.03044378,0.07820177,0.0,-0.00185713,0.0,0.16941641,0.0,0.0011010661,0.0,0.70310456,1.3641247,0.0,0.0,0.0,0.0,0.26304674,0.0,-0.007011012,0.031098917,-0.7732626,0.0,1.3918725,-0.21772102,1.220408,0.49621722,0.0,0.0,0.0,0.0,0.0,1.0334976,0.0,-0.044382386,0.0,0.0,0.0,0.0,0.01086965,0.02238014,0.019438872,0.0,0.07016848,0.0,0.0,0.0,-0.016124211,0.16105829,0.16894455,0.0,0.0,0.0,0.0,1.2871417,0.0,0.0,0.0,0.28506613,-0.09828574
5.559946,0.30960718,-0.8610546,1.7285112,-0.32688373,6.916168,-0.062096234,0.24880569,1.2981963,0.013191789,0.0,0.0,0.0,-0.13993227,0.16250962,-0.0018520657,0.65225387,0.0,-0.5190812,2.8509786,-0.006249276,-0.10424623,0.0,-0.08400389,-0.023502657,-0.042705875,0.0,-0.06609684,0.0,0.0,1.0709188,0.026364503,0.4621659,0.9997185,-0.0043674475,0.13867863,0.0,-0.04423467,0.0,0.5193028,0.0,0.0,0.0,0.0,0.0,0.0,-0.07343034,-0.13072783,0.109490104,0.09986122,0.045258544,-0.08931642,0.22372921,0.0,-0.0037517585,0.0002545228,0.0,0.0,-0.0009786526,-0.43394023,0.0,0.0,0.07494884,0.0,0.10780502,0.023652654,-0.050328303,0.0,0.0042383955,-0.0029614307,0.042162124,0.0,0.0,-0.0010166334,0.030199248,0.046791118,0.0,0.0,0.277748,0.027005646,-0.2127352,0.0,0.017474368,0.029655019,-0.012372338,0.0,0.0,0.01555242,-0.0023461827,0.36429098,0.51537,-0.012364802,-0.026848719,0.013869289,-0.057219747,-0.029398767,0.029997157,0.07250354,0.0,-0.00185713,0.0,0.15935628,0.0,0.0032473188,0.0,0.6367528,1.3284017,0.0,0.0,0.0,0.0,0.2364691,0.0,-0.007011012,0.031098917,-0.7155842,0.0,1.6665874,-0.19149199,1.1709307,0.49621722,0.0,0.0,0.0,0.0,0.0,0.9910526,0.0,-0.110335425,0.0,0.0,0.0,0.0,0.01086965,0.02238014,0.03316716,0.0,0.07016848,0.0,0.0,0.0,-0.016124211,0.16105829,0.1247894,0.0,0.0,0.0,0.0,-0.038119826,0.0,0.0,0.0,0.22361834,-0.15054962
2.7290823,-7.7196674,-1.1460906,1.6627431,-0.4280488,-1.7554908,-0.062096234,0.117409505,0.03428366,0.013045384,0.0,0.0,0.0,-0.2386315,0.15518354,-0.092333145,0.4931866,0.0,-0.6293999,2.3717396,-0.025631899,-0.40490025,0.0,-0.07514245,-0.023502657,-0.042705875,0.0,-0.07530928,0.0,0.0,0.44626272,0.026364503,0.3970801,0.6233623,-0.049125757,0.11507903,0.0,-0.14968453,0.0,0.392629,0.0,0.0,0.0,0.0,0.0,0.0,-0.09353699,-0.13831346,-0.028801758,-0.031553265,0.0012655817,-0.090333946,0.20420727,0.0,-0.0037517585,0.0002545228,0.0,0.0,-0.007319738,-0.33331075,0.0,0.0,0.032684818,0.0,0.08344062,0.010190826,-0.05153129,0.0,0.0042383955,-0.010235952,0.042162124,0.0,0.0,-0.0010166334,0.013207852,0.046791118,0.0,0.0,0.23222396,0.027005646,-0.21660966,0.0,0.011837719,0.015564642,-0.012372338,0.0,0.0,0.01555242,-0.010712148,0.20660704,0.38752234,-0.021178488,-0.035576902,-0.07237103,-0.13762884,-0.07103378,0.018726638,0.06133338,0.0,-0.00185713,0.0,0.15787388,0.0,0.0032473188,0.0,0.5962925,1.0960977,0.0,0.0,0.0,0.0,0.19498642,0.0,-0.005817701,0.016575439,-1.2851082,0.0,0.8947413,-0.23095506,1.0699528,0.47898892,0.0,0.0,0.0,0.0,0.0,0.8853383,0.0,-0.110335425,0.0,0.0,0.0,0.0,0.01086965,0.0091323275,0.010785567,0.0,0.041923966,0.0,0.0,0.0,-0.016124211,0.08656582,0.055891976,0.0,0.0,0.0,0.0,-1.2033179,0.0,0.0,0.0,0.14443074,-0.8233032
6.496311,2.9508128,0.44333985,1.8097675,-0.22178817,6.5895367,-0.059099145,0.475876,1.0086564,-0.0056419456,0.0,0.0,0.0,-0.08577542,0.16150431,-0.032470606,-0.0135261165,0.0,0.31351268,2.4402044,-0.00846638,0.4478399,0.0,-0.055626456,-0.023482487,-0.016696086,0.0,0.012674184,0.0,0.0,-0.371703,0.027774066,0.52832615,0.71031153,0.3936199,0.057027254,0.0,-0.018786198,0.0,0.66647595,0.0,0.0,0.0,0.0,0.0,0.0,-0.032754127,-0.076845996,0.012472728,-0.05927417,0.066097915,-0.03209669,0.1827844,0.0,-0.0036539468,8.627892e-05,0.0,0.0,-0.0009786526,1.8758445,0.0,0.0,-0.003524546,0.0,0.10714282,0.022431236,-0.019126596,0.0,-0.048538707,-0.0029614307,0.042162124,0.0,0.0,-0.0010166334,0.025062732,0.05275274,0.0,0.0,0.28008392,-0.108965755,-0.21189685,0.0,0.015183525,0.020430604,-0.010306632,0.0,0.0,0.0426939,0.036343586,0.46366376,0.5019621,-0.0095718885,-0.008954941,0.16883595,-0.056613106,0.13359866,0.029997157,0.07666975,0.0,-0.00185713,0.0,0.17162263,0.0,0.0032473188,0.0,0.71189016,1.2190794,0.0,0.0,0.0,0.0,-1.772583,0.0,-0.0059900465,0.06059522,-0.80760264,0.0,0.93531954,0.016593978,1.3559722,-0.10974462,0.0,0.0,0.0,0.0,0.0,0.64390874,0.0,0.010987984,0.0,0.0,0.0,0.0,0.01086965,-0.0016344134,0.04879474,0.0,0.07016848,0.0,0.0,0.0,-0.016124211,0.17664227,0.16925767,0.0,0.0,0.0,0.0,2.8923316,0.0,0.0,0.0,0.25026685,1.8439219
8.837644,2.2706244,-0.27649495,1.6969973,-0.13522415,-2.6431406,-0.059524857,0.2556527,1.6963732,0.007411234,0.0,0.0,0.0,0.111755945,0.07283932,0.050423976,-0.014287243,0.0,0.14289899,2.2210662,-0.016800275,0.044924673,0.0,2.199569,-0.013132371,-0.019767087,0.0,-0.76034856,0.0,0.0,-0.284427,0.0006612437,-1.0313113,0.44442484,0.006280984,0.13867863,0.0,0.40654254,0.0,0.5014882,0.0,0.0,0.0,0.0,0.0,0.0,-0.028365545,0.21212079,0.018290695,0.20231907,-0.035882536,0.10889023,0.16271248,0.0,-0.00435362,8.627892e-05,0.0,0.0,0.0019573052,-0.39041924,0.0,0.0,-0.009392556,0.0,0.060622945,-0.028675962,-0.028596707,0.0,0.0032647308,-0.0037478262,-0.074722186,0.0,0.0,-0.0010166332,0.011274684,-0.012397661,0.0,0.0,0.19298793,0.027484607,3.2124853,0.0,0.016408129,0.0059394306,-0.00528483,0.0,0.0,0.014796918,0.010353995,-0.4084653,0.24041694,0.32115677,0.051518377,0.19549868,0.19965473,0.19623572,0.05010895,0.07628652,0.0,0.0043100337,0.0,0.1920689,0.0,-0.0029267909,0.0,0.5145696,1.2988776,0.0,0.0,0.0,0.0,0.24284521,0.0,0.11984179,-0.008366566,5.573371,0.0,-0.25717047,0.013364943,-1.9652754,0.3023214,0.0,0.0,0.0,0.0,0.0,0.6103734,0.0,0.017425064,0.0,0.0,0.0,0.0,0.0018247773,-0.0025829459,-0.007813684,0.0,0.073252484,0.0,0.0,0.0,-0.04640724,-0.16621816,0.03333534,0.0,0.0,0.0,0.0,0.5820823,0.0,0.0,0.0,0.22020577,-0.12737699
6.017607,1.0607052,0.44797617,1.6839105,-0.42212126,2.6254613,-0.069636196,0.35657805,0.27815592,-0.030510793,0.0,0.0,0.0,-0.12625629,0.16150431,-0.153375,-0.023140095,0.0,0.2318173,2.8855782,-0.033348102,0.49363142,0.0,-0.06526867,-0.023525955,-0.042705875,0.0,0.036315948,0.0,0.0,-0.21355909,0.027774066,0.49670202,0.30918327,0.14608143,0.057027254,0.0,-0.09653933,0.0,0.7223723,0.0,0.0,0.0,0.0,0.0,0.0,-0.03271981,-0.07211478,-0.08013141,0.041097913,0.03997388,-0.065353625,0.15548745,0.0,-0.0030763817,8.627892e-05,0.0,0.0,-0.007319738,0.70403624,0.0,0.0,-0.003524546,0.0,0.10714282,0.022431236,-0.035158318,0.0,-0.06456534,-0.010235952,0.026929593,0.0,0.0,-0.0010166334,0.025062732,0.04003526,0.0,0.0,0.30596322,-0.18262453,-0.21017791,0.0,0.015183525,0.013223007,-0.012372338,0.0,0.0,0.0426939,0.009057028,0.41128042,0.5059748,-0.0095718885,-0.008954941,0.16883595,-0.09778719,0.068995014,0.029997157,0.06605105,0.0,-0.012706185,0.0,0.15829256,0.0,0.0032473188,0.0,0.6878434,1.2246038,0.0,0.0,0.0,0.0,-1.8497099,0.0,-0.0161089,0.014747851,-1.1170034,0.0,0.61096746,0.012747729,1.3515716,-0.081036165,0.0,0.0,0.0,0.0,0.0,0.93439615,0.0,0.010641839,0.0,0.0,0.0,0.0,0.01086965,-0.0012938932,0.013839887,0.0,0.07016848,0.0,0.0,0.0,-0.016124211,0.17444351,0.0875145,0.0,0.0,0.0,0.0,1.239324,0.0,0.0,0.0,0.22621885,1.5352336
5.813658,1.095277,0.38142222,1.589391,-0.49702498,-1.4709959,-0.069636196,-0.32172954,0.00025700463,-0.007978615,0.0,0.0,0.0,-0.21727489,0.08572933,-0.056477334,-0.01630005,0.0,0.14763616,2.3788493,-0.02927996,0.39055294,0.0,-0.07622909,-0.023525955,-0.042852968,0.0,0.012906929,0.0,0.0,-0.21268901,0.027774066,0.47130027,0.2927446,-0.16928114,0.057027254,0.0,-0.17406428,0.0,0.62022233,0.0,0.0,0.0,0.0,0.0,0.0,-0.035499856,-0.070858926,-0.09293577,0.14295866,0.022671541,-0.087609634,0.071600966,0.0,-0.0030763817,8.627892e-05,0.0,0.0,-0.0009786526,0.72136873,0.0,0.0,-0.003524546,0.0,0.075911425,0.022431236,-0.036837302,0.0,-0.052457534,-0.010235952,0.018803542,0.0,0.0,-0.0010166334,0.015427177,-0.005961675,0.0,0.0,0.24796125,-0.18262453,-0.19626233,0.0,0.0101495115,0.013223007,-0.012372338,0.0,0.0,0.01573785,0.021605978,0.30922863,0.43909392,-0.019121703,-0.016859895,0.15962595,-0.1365205,0.108849704,0.029997157,0.06346856,0.0,-0.00185713,0.0,0.15829256,0.0,0.0032473188,0.0,0.5501442,0.95830333,0.0,0.0,0.0,0.0,-1.3325094,0.0,-0.011887587,0.02157044,-1.3427289,0.0,0.55758053,0.012747729,1.2425666,-0.0616543,0.0,0.0,0.0,0.0,0.0,0.73984295,0.0,0.010641839,0.0,0.0,0.0,0.0,0.004290975,-0.0012938932,0.013839887,0.0,0.07016848,0.0,0.0,0.0,-0.016124211,0.13742474,0.057791144,0.0,0.0,0.0,0.0,-4.973351,0.0,0.0,0.0,0.10666416,-0.3174188
4.2270994,0.40291807,0.35117108,1.5662228,-0.03753348,2.1349773,-0.041805312,0.17328264,1.3531501,-0.0056419456,0.0,0.0,0.0,-0.09282649,0.15838021,0.0069618765,0.10633579,0.0,-0.70852613,2.548261,-0.0074753454,0.07838323,0.0,-0.08474708,-0.023447474,-0.016305398,0.0,-0.013051121,0.0,0.0,-0.5070991,0.026364503,0.29243332,0.36158177,-0.0028179672,0.07267126,0.0,-0.1321786,0.0,0.49886853,0.0,0.0,0.0,0.0,0.0,0.0,-0.024597783,-0.08114375,0.06844744,-0.05927417,0.016573599,-0.030659024,0.10026425,0.0,-0.016341925,8.627892e-05,0.0,0.0,-0.0009786526,2.265648,0.0,0.0,-0.009392556,0.0,0.07316989,-0.04433403,-0.026732815,0.0,-0.022907855,-0.0029614307,0.042162124,0.0,0.0,-0.0077899527,0.020910239,0.016191019,0.0,0.0,0.19707589,-0.12698601,-0.1802452,0.0,0.014826177,-0.019613065,-0.010306632,0.0,0.0,0.0426939,0.010353995,0.5473036,0.2685725,-0.016574802,0.050469596,0.09083636,-0.050902452,0.038011268,0.016637377,0.07046868,0.0,-0.00185713,0.0,0.16608217,0.0,0.001857101,0.0,0.49347517,1.0667135,0.0,0.0,0.0,0.0,-1.3264023,0.0,-0.0001075819,0.02016434,-0.76852417,0.0,1.0393049,0.0115634445,1.0321699,-0.06847796,0.0,0.0,0.0,0.0,0.0,0.607323,0.0,0.01627528,0.0,0.0,0.0,0.0,-0.019318921,-0.0012080532,0.019438872,0.0,0.07016848,0.0,0.0,0.0,-0.016124211,0.14300647,0.11699547,0.0,0.0,0.0,0.0,0.13284464,0.0,0.0,0.0,0.06539693,-0.31946483
2.996045,0.0090753175,-1.0667081,1.4463516,-0.38120443,3.8403902,-0.10311208,-0.010206901,-2.1210933,-0.004536621,0.0,0.0,0.0,0.08196188,-1.6284312,-0.10539768,-0.02467601,0.0,0.16364911,1.8217942,-0.0078085614,0.58381796,0.0,-0.084213756,-0.018210957,0.06531312,0.0,-0.23304471,0.0,0.0,-0.41753238,-0.60895103,0.41787964,-0.41669625,-0.018639233,0.064230196,0.0,-0.1983373,0.0,0.46442506,0.0,0.0,0.0,0.0,0.0,0.0,-0.07542066,-0.18579364,0.018137451,0.1067183,-0.11308207,-0.045431353,0.11711713,0.0,-0.00435362,8.627892e-05,0.0,0.0,-0.0009786526,-0.6643622,0.0,0.0,-0.005551765,0.0,0.13535471,0.0054442156,-0.028550701,0.0,0.0034549958,-0.0029614307,0.025899753,0.0,0.0,-0.0010166334,0.03435174,-0.0053970055,0.0,0.0,0.20728965,0.007954475,-0.26938707,0.0,0.019077303,-0.0018220057,-0.034327116,0.0,0.0,0.0423802,-0.0016903896,0.34419575,0.41919172,-0.009904553,-0.026840312,-0.5404151,-0.042544857,-0.020589825,0.031931054,0.061864205,0.0,-0.00185713,0.0,0.08858621,0.0,0.0022334303,0.0,0.4878621,-4.7339163,0.0,0.0,0.0,0.0,0.21812385,0.0,0.12370202,-0.0066084303,-0.7988041,0.0,-0.597382,0.016593978,1.2496575,-0.29770866,0.0,0.0,0.0,0.0,0.0,0.47639388,0.0,0.009068861,0.0,0.0,0.0,0.0,-0.004374961,-0.0040691164,-0.06970677,0.0,0.07016848,0.0,0.0,0.0,-0.016124211,0.08640998,-0.110972784,0.0,0.0,0.0,0.0,-1.0603856,0.0,0.0,0.0,-0.34025615,-0.7489953
8.189093,6.43634,0.47861806,1.1302811,0.84651357,2.2362888,-0.046239298,0.23452182,1.9183947,-0.0048959935,0.0,0.0,0.0,-0.06853424,0.16331135,0.021653645,-0.008888744,0.0,0.39142743,2.612202,-0.0027014452,0.77138746,0.0,-0.058754478,-0.025840553,-0.011640491,0.0,-0.23149487,0.0,0.0,1.3443571,0.026364503,0.5469756,-0.2483437,0.012353883,0.054583266,0.0,0.8799634,0.0,0.5092992,0.0,0.0,0.0,0.0,0.0,0.0,-0.027197424,-0.20525222,0.2724511,0.16423416,-0.03288119,-0.033609737,-0.06612309,0.0,-0.002556752,8.627892e-05,0.0,0.0,-0.0006706762,3.4929118,0.0,0.0,-0.0024210974,0.0,0.113382936,0.013034295,-0.025320671,0.0,0.004132182,-0.0029614307,0.042162124,0.0,0.0,-0.00066081167,0.030199248,-0.0043586995,0.0,0.0,0.24994752,0.01420141,-0.21496591,0.0,0.021776278,-0.08219014,-0.010306632,0.0,0.0,0.048243072,-0.002330015,0.47449878,0.49692184,-0.01193288,-0.0102729965,0.17388904,-0.051982895,-0.017346323,0.04957273,0.0786731,0.0,-0.00185713,0.0,0.16875061,0.0,0.004374667,0.0,0.63501096,1.0465535,0.0,0.0,0.0,0.0,0.27588293,0.0,-0.0070120716,-0.0037492411,-0.6332448,0.0,-0.30611685,0.017118737,1.2221594,-0.10974462,0.0,0.0,0.0,0.0,0.0,0.7965484,0.0,0.018502932,0.0,0.0,0.0,0.0,0.00097633444,-0.0016604236,0.04879474,0.0,0.07016848,0.0,0.0,0.0,-0.016124211,0.16612035,-0.05285673,0.0,0.0,0.0,0.0,0.977965,0.0,0.0,0.0,-0.11505827,0.05121824
7.5469675,0.66204077,0.49300194,0.52827126,0.40278187,-0.41068488,-0.05935048,0.38315806,-0.014716236,-0.0033761885,0.0,0.0,0.0,0.02886633,0.15908837,0.004866734,-0.006746711,0.0,0.2045484,2.005933,-0.03287389,0.69112414,0.0,-0.07301216,-0.026005479,-0.01275263,0.0,0.021304939,0.0,0.0,0.42972758,0.027774066,0.515348,-0.13899629,0.07507098,0.050238404,0.0,0.6567323,0.0,0.5374174,0.0,0.0,0.0,0.0,0.0,0.0,-0.034076326,-0.12528066,-0.04071751,0.04539661,-0.050668724,-0.048493396,-0.20685963,0.0,-0.0040149493,8.627892e-05,0.0,0.0,-0.0032133858,1.5874223,0.0,0.0,-0.003524546,0.0,0.093730696,0.013034295,-0.0403658,0.0,0.006861419,-0.010235952,0.026929593,0.0,0.0,-0.0010166334,0.017360345,-0.0036116894,0.0,0.0,0.28025115,0.013851821,-0.2236335,0.0,0.016157186,-0.07240312,-0.010306632,0.0,0.0,0.0426939,-0.021866065,0.4331192,0.43032646,-0.02168409,-0.04253307,0.17646584,-0.13724928,-0.11442333,0.049126104,0.06782029,0.0,-0.00185713,0.0,0.1717688,0.0,0.0032473188,0.0,0.685405,1.0169178,0.0,0.0,0.0,0.0,0.22715333,0.0,-0.005840189,-0.014262323,-1.1606748,0.0,-0.20715314,0.013805222,1.3521402,-0.046932403,0.0,0.0,0.0,0.0,0.0,0.5700675,0.0,0.010903166,0.0,0.0,0.0,0.0,0.00090890325,-0.0028821605,0.013839887,0.0,0.07016848,0.0,0.0,0.0,-0.016124211,0.13807726,-0.03124265,0.0,0.0,0.0,0.0,-0.69303566,0.0,0.0,0.0,-0.21961552,-0.39213902
5.7546134,5.560486,0.36293405,1.1066366,0.8027952,3.4041002,0.39525676,0.31854752,-1.351155,0.0058614993,0.0,0.0,0.0,-0.11471861,0.14180814,0.06215403,-0.00085662515,0.0,0.28003857,1.9872171,0.0064935153,0.77564836,0.0,-0.058754478,-0.025840553,0.049340285,0.0,-0.01886259,0.0,0.0,0.8447907,0.026364503,0.5120005,-0.23100619,0.010513044,0.054583266,0.0,0.5578812,0.0,0.45891035,0.0,0.0,0.0,0.0,0.0,0.0,-0.062355336,-0.18908852,0.17038038,0.116344176,-0.033745695,-0.04790887,-0.18117428,0.0,-0.002324034,8.627892e-05,0.0,0.0,-0.0006706762,1.8205519,0.0,0.0,0.032684818,0.0,0.13535471,0.0056814137,-0.028395416,0.0,0.0030433885,-0.0018703253,0.025899753,0.0,0.0,0.0003304059,0.027417552,-0.0043586995,0.0,0.0,0.22632237,0.0076986626,-0.2192788,0.0,0.019170351,-0.08455661,0.17163555,0.0,0.0,0.04792937,-0.005625159,0.36225694,0.42263374,-0.00959413,-0.011257319,0.15456638,-0.038944606,0.002536214,0.048359852,-2.5990124,0.0,-0.00185713,0.0,-0.62236214,0.0,-0.00030903332,0.0,0.47541386,-4.6077337,0.0,0.0,0.0,0.0,0.18925408,0.0,-0.0070120716,-0.0021707802,-0.50370467,0.0,-0.2871364,0.014389886,1.2221594,0.1684318,0.0,0.0,0.0,0.0,0.0,0.71670246,0.0,0.015306344,0.0,0.0,0.0,0.0,0.00097633444,-0.0016604236,0.014154024,0.0,0.07016848,0.0,0.0,0.0,-0.014430905,0.09356283,-0.036297984,0.0,0.0,0.0,0.0,-1.2647257,0.0,0.0,0.0,-0.21481659,-0.16261932
8.553346,3.1695778,0.5527683,1.0886426,0.7338365,4.6134343,-0.063533135,0.23256361,1.2153729,-0.0048959935,0.0,0.0,0.0,-0.13364579,0.16018724,0.019927101,-0.034792565,0.0,0.30902386,2.4422371,-0.0036924796,0.76242936,0.0,-0.06648788,-0.025840553,-0.011640491,0.0,-0.012674187,0.0,0.0,1.0644593,0.027774066,0.58431095,-0.2555557,0.09046829,0.054583266,0.0,0.85693175,0.0,0.57349473,0.0,0.0,0.0,0.0,0.0,0.0,-0.027643425,-0.14318776,0.11742617,0.16423416,-0.046784364,-0.045389283,-0.21017447,0.0,-0.003833707,8.627892e-05,0.0,0.0,-0.0006706762,2.2289348,0.0,0.0,-0.0024210974,0.0,0.10714282,0.013034295,-0.03153657,0.0,0.0030433885,-0.0029614307,0.042162124,0.0,0.0,-0.0010166334,0.03435174,-0.007296314,0.0,0.0,0.28687254,0.01420141,-0.207639,0.0,0.01821763,-0.1069632,-0.010306632,0.0,0.0,0.048243072,-0.015079936,0.4724374,0.46296224,-0.012134275,-0.0102729965,0.18990792,-0.051842544,-0.029340079,0.049126104,0.07555935,0.0,-0.00185713,0.0,0.17069192,0.0,0.0032473188,0.0,0.7406172,1.0984467,0.0,0.0,0.0,0.0,0.32947528,0.0,-0.0066835666,-0.014231159,-0.74002254,0.0,-0.2522353,0.016593978,1.3559722,-0.050612815,0.0,0.0,0.0,0.0,0.0,0.68788886,0.0,0.010903166,0.0,0.0,0.0,0.0,0.0012499888,-0.0028821605,0.04879474,0.0,0.07016848,0.0,0.0,0.0,-0.016124211,0.20251542,-0.074126996,0.0,0.0,0.0,0.0,-0.23404786,0.0,0.0,0.0,-0.21044481,-0.020919483
8.915629,1.8935833,0.50183755,-0.0042693876,0.19366683,4.5666475,0.6654165,0.32157388,-0.5054479,0.008370669,0.0,0.0,0.0,-0.33660236,0.13868403,0.015631499,-0.0031841774,0.0,0.27015883,2.2950466,0.0044832565,0.8202146,0.0,-0.06260514,-0.026005479,0.064516954,0.0,-0.04252056,0.0,0.0,0.51572025,0.027774066,0.56834674,-0.2153058,0.09102693,0.053859122,0.0,-0.239195,0.0,0.6665305,0.0,0.0,0.0,0.0,0.0,0.0,-0.0702433,-0.113279305,0.10590635,-0.06355441,0.048785556,-0.031923044,0.09789414,0.0,0.010890478,8.627892e-05,0.0,0.0,-0.0006706762,-0.3484654,0.0,0.0,-0.0024210974,0.0,0.12712985,-0.010522953,-0.021557786,0.0,0.0072277887,-0.0029614307,0.025899753,0.0,0.0,-0.0010166334,0.025062732,-0.007296314,0.0,0.0,0.30151212,0.013851821,-0.19309206,0.0,0.019170351,-0.006401509,0.17163555,0.0,0.0,0.04792937,-0.012664806,0.36002225,0.48151875,-0.011271354,0.012622267,0.16945001,-0.040313948,-0.05087041,0.031931054,0.0736844,0.0,-0.00185713,0.0,-0.65171057,0.0,0.0022334303,0.0,0.5958834,0.99584574,0.0,0.0,0.0,0.0,0.32279092,0.0,-0.0066835666,-0.014296043,-0.5230034,0.0,-0.34339368,0.016593978,1.3559722,-0.0784831,0.0,0.0,0.0,0.0,0.0,0.64646137,0.0,0.015105381,0.0,0.0,0.0,0.0,0.0012499888,-0.0028821605,0.04879474,0.0,0.07016848,0.0,0.0,0.0,-0.014430905,0.1299579,-0.042736568,0.0,0.0,0.0,0.0,1.8843092,0.0,0.0,0.0,-0.20081659,1.659952
3.131536,-0.61865264,0.2410682,1.2967846,-0.49565452,3.5649567,-0.04221815,0.048384026,1.019675,-0.030370994,0.0,0.0,0.0,-0.29927647,0.1415238,-0.007600084,-0.02536599,0.0,0.12564874,2.71791,-0.007588568,-0.644621,0.0,-0.11105043,-0.023468796,-0.043463908,0.0,-0.13962783,0.0,0.0,-0.5184495,0.026364503,0.43812868,-0.5240996,-0.05280868,0.054583266,0.0,0.07763714,0.0,0.5351177,0.0,0.0,0.0,0.0,0.0,0.0,-0.027984925,-0.15013002,0.02236412,0.05754034,-0.083173655,-0.07843286,-0.46761286,0.0,-0.008189058,8.627892e-05,0.0,0.0,-0.0009786526,1.4510123,0.0,0.0,-0.005551765,0.0,0.11480952,0.012926992,-0.04145102,0.0,0.002082433,-0.0029614307,-0.23632507,0.0,0.0,-0.0010166334,0.017712954,-0.01758425,0.0,0.0,0.19167587,0.021677954,-0.230934,0.0,0.016341336,-0.25261578,-0.012372338,0.0,0.0,0.014816776,0.005112621,0.49267027,0.41237846,-0.012364802,-0.026848719,0.101465985,-0.05633848,-0.021397486,0.03698022,0.06955084,0.0,-0.012706185,0.0,0.09795767,0.0,0.0032473188,0.0,-3.0902977,1.1444465,0.0,0.0,0.0,0.0,0.17707169,0.0,-0.016313894,0.037523076,-1.0599511,0.0,0.9873378,0.012159397,1.1433916,-0.14016797,0.0,0.0,0.0,0.0,0.0,0.7211097,0.0,0.010987984,0.0,0.0,0.0,0.0,0.0018247773,-0.0040691164,0.03316716,0.0,0.07016848,0.0,0.0,0.0,-0.016124211,0.12278561,-0.12902915,0.0,0.0,0.0,0.0,-1.583591,0.0,0.0,0.0,-0.40055394,-0.6629419
7.0702844,0.46339568,0.39961413,1.3965826,-0.35611117,1.8605815,-0.033142146,0.2291351,1.2641068,-0.005467831,0.0,0.0,0.0,-0.2907241,0.13839969,0.00963176,-0.030059319,0.0,0.11930246,2.4600067,-0.0074753454,-0.17897598,0.0,-0.09712008,-0.023468796,-0.01819876,0.0,-0.052906416,0.0,0.0,-0.5583462,0.026364503,0.45382085,-0.3345754,-0.0074620745,0.054583266,0.0,0.19708174,0.0,0.5014641,0.0,0.0,0.0,0.0,0.0,0.0,-0.025058366,-0.10646101,0.06844744,-0.05927417,-0.048758797,-0.03285606,-0.22088504,0.0,-0.005028714,8.627892e-05,0.0,0.0,-0.0009786526,2.618222,0.0,0.0,-0.009392556,0.0,0.08017439,0.012926992,-0.037051793,0.0,0.001657793,-0.0029614307,-0.23632507,0.0,0.0,-0.0010166332,0.017712954,-0.010200419,0.0,0.0,0.19137987,0.01420141,-0.230934,0.0,0.016795801,-0.075166486,-0.010306632,0.0,0.0,0.014816776,0.010353995,0.542626,0.2781703,-0.012364802,-0.026848719,0.20209956,-0.054921422,0.03064783,0.037426844,0.07171617,0.0,-0.00185713,0.0,0.112832785,0.0,0.0011010661,0.0,-2.2964013,0.9987359,0.0,0.0,0.0,0.0,0.2098461,0.0,-0.006195038,0.015671223,-0.8064307,0.0,1.2599512,0.013064899,1.1477922,-0.10974462,0.0,0.0,0.0,0.0,0.0,0.5058986,0.0,0.014915574,0.0,0.0,0.0,0.0,0.0012499888,-0.0025829459,0.019438872,0.0,0.07016848,0.0,0.0,0.0,-0.016124211,0.14586976,-0.12876053,0.0,0.0,0.0,0.0,0.338395,0.0,0.0,0.0,-0.14806694,-0.36626205
7.3889365,5.138124,0.42052716,1.4300951,-0.23078689,3.1031718,-0.033142146,0.36022812,1.4126726,-0.005467831,0.0,0.0,0.0,-0.14622428,0.13839969,0.00963176,-0.029394012,0.0,0.25139877,2.512922,-0.0027014452,-0.36885685,0.0,-0.078648746,-0.023468796,-0.01819876,0.0,-0.05710405,0.0,0.0,-0.5263996,0.026364503,0.48208627,-0.2911913,0.012271589,0.054583266,0.0,0.2899337,0.0,0.49337673,0.0,0.0,0.0,0.0,0.0,0.0,-0.025058366,-0.09309308,0.13915555,-0.05927417,-0.012130318,-0.03285606,-0.1680791,0.0,-0.0037517585,8.627892e-05,0.0,0.0,-0.0009786526,2.9499958,0.0,0.0,-0.0034429594,0.0,0.08017439,0.012926992,-0.03335675,0.0,0.001657793,-0.0029614307,-0.23632507,0.0,0.0,-0.0010166332,0.017712954,-0.0047997567,0.0,0.0,0.19137987,0.01420141,-0.19073486,0.0,0.016301824,-0.0326843,-0.010306632,0.0,0.0,0.020365944,0.02583641,0.542626,0.24510275,-0.012364802,-0.008992853,0.21578328,-0.043581527,0.055192187,0.04374231,0.07523641,0.0,-0.00185713,0.0,0.12142364,0.0,0.0011010661,0.0,-2.1629713,0.9986121,0.0,0.0,0.0,0.0,0.21045043,0.0,-0.006195038,0.025105698,-0.7793274,0.0,1.3283805,0.013011094,1.158248,-0.06847796,0.0,0.0,0.0,0.0,0.0,0.5918841,0.0,0.014915574,0.0,0.0,0.0,0.0,0.00097633444,-0.0025829459,0.019438872,0.0,0.07016848,0.0,0.0,0.0,-0.016124211,0.14586976,-0.057257473,0.0,0.0,0.0,0.0,0.55634105,0.0,0.0,0.0,-0.08489413,-0.23973843
2.9071362,1.3950583,-0.9194499,1.2098097,-0.19276498,0.23774065,-0.063392505,0.10466212,-1.9348507,0.018860886,0.0,0.0,0.0,-0.061253168,0.04579883,0.13488948,-0.20514035,0.0,-0.22543141,-6.7058587,-0.0056888415,-0.05152604,0.0,0.67072374,-0.018210957,-0.018744642,0.0,-0.05463384,0.0,0.0,-0.37265676,0.0048888745,0.17269462,-0.35362804,0.0047601988,0.038917135,0.0,0.22099188,0.0,-2.7593408,0.0,0.0,0.0,0.0,0.0,0.0,-0.04844652,0.36695454,-0.0024409872,0.010663456,-0.02130223,-0.042361546,-0.082628034,0.0,0.024147054,8.627892e-05,0.0,0.0,-0.0009786526,-0.6766872,0.0,0.0,-0.009392556,0.0,0.105783835,0.0054442156,-0.023317842,0.0,0.0020353524,-0.0029614307,0.025899753,0.0,0.0,0.0038949768,-0.18332054,0.015041505,0.0,0.0,0.060319096,0.022032097,-0.3550462,0.0,0.011420881,-0.017967911,-0.034327116,0.0,0.0,0.009834267,-0.0018029723,0.090478815,0.19991754,-0.053730913,-0.014003091,0.03048122,-0.039381705,0.023689881,-0.24259445,0.06392741,0.0,-0.00185713,0.0,-0.25170618,0.0,-0.0013440133,0.0,0.1916387,0.5212892,0.0,0.0,0.0,0.0,-0.6385283,0.0,-0.008392875,-0.0052337404,-0.67857987,0.0,-0.42052647,0.013374851,-1.5518732,-0.04736858,0.0,0.0,0.0,0.0,0.0,-1.2305111,0.0,0.006363662,0.0,0.0,0.0,0.0,0.005519691,-0.0012080532,-0.027769815,0.0,0.028091617,0.0,0.0,0.0,-0.016124211,0.040652014,0.09313519,0.0,0.0,0.0,0.0,-0.13551748,0.0,0.0,0.0,0.057284866,-0.41323236
1.2750341,-0.39669862,-0.7248633,1.500684,-0.06397495,-0.19135381,-0.041814998,0.08700463,0.39135158,0.010013385,0.0,0.0,0.0,-0.23966356,-0.83504844,-0.060635526,-0.25562194,0.0,0.10012866,1.2664409,0.05946161,-0.2794985,0.0,-0.18568312,-0.018244818,-0.04427526,0.0,-0.73697263,0.0,0.0,-0.33335918,-0.11673342,-1.0958306,0.22064437,0.010446687,-0.63792324,0.0,0.3589825,0.0,0.4145841,0.0,0.0,0.0,0.0,0.0,0.0,-0.05690288,0.22660123,0.040604465,0.04351082,-0.031942166,0.19233239,-0.15953317,0.0,-0.014545057,0.0002545228,0.0,0.0,0.0019573052,-0.37549102,0.0,0.0,-0.009392556,0.0,0.07365381,-0.046240386,-0.041038044,0.0,0.0036941944,-0.0036333513,-0.079171576,0.0,0.0,0.0038949768,0.011274684,-0.015597037,0.0,0.0,0.11663286,0.018606957,-0.71518266,0.0,0.010528173,0.011044565,-0.00743787,0.0,0.0,0.01555242,0.004035931,-1.3343952,0.21571523,-0.06540394,0.09900177,0.11683089,0.14097056,0.13256794,0.027974378,0.0683452,0.0,0.00185713,0.0,-0.5428702,0.0,0.011712398,0.0,0.21162796,-4.786994,0.0,0.0,0.0,0.0,0.16448788,0.0,-0.009218224,-0.0058648475,-1.232477,0.0,-0.44294924,0.013097417,-2.585079,0.07844482,0.0,0.0,0.0,0.0,0.0,0.50125384,0.0,0.007516771,0.0,0.0,0.0,0.0,0.0018247773,-0.0025829459,-0.011574931,0.0,-0.59872955,0.0,0.0,0.0,-0.016124211,-0.051375892,0.047747146,0.0,0.0,0.0,0.0,-0.042117573,0.0,0.0,0.0,-0.28388944,-0.41150078
-28.787403,0.044995435,-0.357866,-1.7849969,0.018910423,-4.523609,-0.15263155,-0.63970166,-1.4634658,-0.0031672788,0.0,0.0,0.0,0.10674971,0.04335788,0.018752448,-0.01700172,0.0,0.11772003,0.92893964,-0.024421975,0.1729162,0.0,-0.156016,-0.01898752,0.12543592,0.0,-0.8688889,0.0,0.0,-0.16000828,0.0063738194,0.3193515,-0.0981165,-0.004508487,0.025541842,0.0,-0.27240193,0.0,0.45510143,0.0,0.0,0.0,0.0,0.0,0.0,-0.12740812,-0.06598083,0.108026445,-0.17129782,0.029511843,-0.08796986,0.045392003,0.0,-0.0022180812,0.0002545228,0.0,0.0,-0.0007254013,-0.14592105,0.0,0.0,-0.003524546,0.0,0.06765483,0.007273468,-0.041805614,0.0,0.003381382,-0.010235952,0.014946442,0.0,0.0,-0.0010166334,0.007630675,-0.0066508837,0.0,0.0,0.030528534,0.009575974,-0.118199855,0.0,0.01015751,0.022849979,-0.046903793,0.0,0.0,0.014894549,-0.003370367,0.15417789,0.3609401,-0.012331619,-0.045984153,-0.29481077,-0.22112514,-0.071328275,0.015599752,0.060911752,0.0,-0.00185713,0.0,0.06107648,0.0,0.0022328137,0.0,0.20076628,-1.8026704,0.0,0.0,0.0,0.0,0.1071576,0.0,-0.014810378,-0.005343304,-0.7636246,0.0,-0.25149506,0.013371645,0.39788258,-0.07031979,0.0,0.0,0.0,0.0,0.0,0.4235431,0.0,-0.00095700927,0.0,0.0,0.0,0.0,0.0011741903,-0.0028821605,-0.019771267,0.0,0.0287635,0.0,0.0,0.0,-0.149739,0.0698942,-0.045242712,0.0,0.0,0.0,0.0,-2.1961381,0.0,0.0,0.0,0.07969482,0.046030484
-26.05843,0.8698852,-0.3604609,-1.712215,0.1148643,-0.074258246,-0.12315491,-0.60073864,-1.1534091,-0.0031672788,0.0,0.0,0.0,0.11128834,0.042352583,0.018752448,-0.010584794,0.0,0.11772003,0.9715727,-0.024421975,0.1729162,0.0,-0.15562867,-0.01898752,0.144583,0.0,-0.9324375,0.0,0.0,-0.15993036,0.0063738194,0.3313806,-0.0981165,0.009020863,0.025541842,0.0,-0.24205187,0.0,0.49796125,0.0,0.0,0.0,0.0,0.0,0.0,-0.07137221,-0.07066639,0.108026445,-0.06582484,0.037180837,-0.08796986,0.045392003,0.0,-0.0022180812,8.627892e-05,0.0,0.0,-0.0007254013,-0.15168598,0.0,0.0,-0.003524546,0.0,0.06765483,0.0054442156,-0.040260144,0.0,0.0038108458,-0.010235952,0.014946442,0.0,0.0,-0.0010166334,0.007630675,0.0019872223,0.0,0.0,0.100460045,0.009575974,-0.118199855,0.0,0.010581881,0.023452293,-0.046903793,0.0,0.0,0.015424145,-0.003370367,0.16176774,0.36656237,-0.01172096,-0.045984153,-0.29481077,-0.15312009,-0.071328275,0.015599752,0.062287554,0.0,-0.00185713,0.0,0.06107648,0.0,0.0022328137,0.0,0.20267902,-1.7928072,0.0,0.0,0.0,0.0,0.124205194,0.0,-0.014810378,-0.0058990084,-0.7562441,0.0,-0.28995922,0.013371645,0.42443284,-0.07031979,0.0,0.0,0.0,0.0,0.0,0.42127004,0.0,0.0051259715,0.0,0.0,0.0,0.0,0.0011741903,-0.0028821605,-0.019771267,0.0,0.03131385,0.0,0.0,0.0,-0.045821294,0.0698942,-0.038765796,0.0,0.0,0.0,0.0,-2.259986,0.0,0.0,0.0,0.08922666,0.051589496
0.20990562,-0.28794384,-0.92645574,1.5192677,-0.27352595,-4.2235246,-0.08994228,0.044212777,0.27235657,0.0057972185,0.0,0.0,0.0,-0.19398949,0.047947753,-0.06777515,-0.27342454,0.0,0.076978065,0.69854265,-0.02565901,-0.2420601,0.0,-0.26329413,-0.018244818,0.041723955,0.0,-0.7537439,0.0,0.0,-0.37644136,-0.015593183,-1.7805296,0.2032888,-0.005831326,-0.63792324,0.0,-0.19131878,0.0,0.3387342,0.0,0.0,0.0,0.0,0.0,0.0,-0.030273385,0.14094344,-0.021181695,0.20271854,-0.037459977,0.094022326,0.13544896,0.0,-0.016341925,8.627892e-05,0.0,0.0,0.0019573052,-0.63048625,0.0,0.0,-0.009392556,0.0,0.04010903,-0.045016088,-0.02820167,0.0,0.0032647308,-0.010235952,-0.11277146,0.0,0.0,-0.0077899527,0.011274684,-0.010200419,0.0,0.0,0.16199961,-0.07713355,-1.1073542,0.0,0.010061481,-0.015279795,-0.006521536,0.0,0.0,0.014796918,0.010353995,-0.90110725,0.17335786,-0.073810324,0.08696033,-0.48026153,-0.10146252,-0.13714474,0.016637377,0.06110196,0.0,0.00185713,0.0,-0.794809,0.0,-0.013591807,0.0,0.26601514,-5.027913,0.0,0.0,0.0,0.0,0.15115245,0.0,-0.009140754,-0.0070522777,-1.3507531,0.0,-0.47877595,0.012184326,-3.8033185,0.06535869,0.0,0.0,0.0,0.0,0.0,0.24186397,0.0,0.007516771,0.0,0.0,0.0,0.0,0.0012499888,-0.0025829459,-0.011574931,0.0,-0.59872955,0.0,0.0,0.0,-0.04640724,-0.32026064,0.032290056,0.0,0.0,0.0,0.0,0.21229535,0.0,0.0,0.0,0.17369524,-0.41471806
6.2115803,1.8815804,0.494006,1.8388805,0.18462949,4.4852223,-0.08266196,0.33524734,0.9495205,-0.005467831,0.0,0.0,0.0,0.107423134,0.058237527,0.076617874,-0.015055178,0.0,-0.28125656,-8.489811,0.097414814,0.60740525,0.0,-0.061807405,-0.018375883,-0.017808223,0.0,-0.15089259,0.0,0.0,-0.16993907,0.010211076,0.36514193,-0.18385907,0.06798522,0.028546063,0.0,-0.16383705,0.0,0.49358922,0.0,0.0,0.0,0.0,0.0,0.0,-0.03054593,-0.21809524,0.096317925,0.03467244,0.071049355,-0.032850374,0.115106925,0.0,-0.0022918247,8.627892e-05,0.0,0.0,-0.007319738,-0.38762408,0.0,0.0,-0.003524546,0.0,0.09764417,0.013001217,-0.032601528,0.0,0.0072730263,-0.0036333513,0.023941142,0.0,0.0,-0.0010166334,0.018683396,0.030601261,0.0,0.0,0.20989749,0.013851821,-0.18469656,0.0,0.014647011,-0.005710247,-0.010306632,0.0,0.0,-0.15697484,-0.011084968,0.42403355,0.46502256,-0.012134275,-0.015803657,-0.55310726,-0.07611038,-0.072109915,0.015456651,0.07079403,0.0,-0.00185713,0.0,0.07836323,0.0,0.0021949545,0.0,0.42976865,0.714073,0.0,0.0,0.0,0.0,0.25915244,0.0,-0.014882714,-0.008109021,-0.99743134,0.0,-0.3020821,0.0147518525,0.6214094,-0.0784831,0.0,0.0,0.0,0.0,0.0,-2.0756874,0.0,0.021720938,0.0,0.0,0.0,0.0,0.005519691,-0.0028821605,-0.019771267,0.0,0.028091617,0.0,0.0,0.0,-0.016124211,0.10654494,-0.050214004,0.0,0.0,0.0,0.0,0.12851594,0.0,0.0,0.0,0.17323954,-0.07702449
2.7719522,3.2435806,0.27804098,1.7109214,0.09718706,3.940334,-0.0723648,-0.018238556,0.2122267,-0.005467831,0.0,0.0,0.0,0.110627,0.06069609,0.2381757,-0.03838399,0.0,-0.6539467,-8.137448,0.017866256,-0.22826746,0.0,-0.1272713,-0.018210957,-0.016696086,0.0,0.028219957,0.0,0.0,-0.45471573,0.0062984386,0.34838927,-0.41670543,0.01904279,0.038917135,0.0,-0.19400954,0.0,0.35450298,0.0,0.0,0.0,0.0,0.0,0.0,-0.025262183,0.6067288,-0.05546077,0.03467244,0.05402642,-0.032850374,0.075118236,0.0,-0.002556752,8.627892e-05,0.0,0.0,-0.0009786526,-0.7137471,0.0,0.0,-0.0024210974,0.0,0.13039753,0.013001217,-0.040696617,0.0,0.0034549958,-0.0029614307,0.017583521,0.0,0.0,-0.0010166334,0.018683396,0.01439927,0.0,0.0,-1.1425886,0.01420141,-0.1808289,0.0,0.014647011,-0.0040893042,-0.010306632,0.0,0.0,0.02110159,-0.009634952,-1.3891562,0.42487767,-0.055960637,-0.015151469,-0.6386091,-0.051842544,-0.024572328,0.015456651,0.06752828,0.0,-0.00185713,0.0,0.07313491,0.0,0.0021949545,0.0,0.41833335,0.70215553,0.0,0.0,0.0,0.0,0.22978123,0.0,-0.014378202,-0.0070211138,-0.9545644,0.0,-0.39240316,0.013693627,0.5620012,-0.19656344,0.0,0.0,0.0,0.0,0.0,-1.8850417,0.0,0.022067083,0.0,0.0,0.0,0.0,0.0029961097,-0.0040691164,-0.06970677,0.0,0.028091617,0.0,0.0,0.0,-0.016124211,0.10764303,-0.074126996,0.0,0.0,0.0,0.0,-0.4061165,0.0,0.0,0.0,0.1444902,-0.5365219
2.461266,-0.8207616,0.2714943,1.7547752,0.056597423,0.72307664,-0.048042208,0.11978966,0.36513463,-0.005467831,0.0,0.0,0.0,0.1202784,0.04985422,0.23898739,-0.012619557,0.0,-0.5487997,-6.741092,0.01885729,-0.35584277,0.0,-0.1264303,-0.018210957,-0.016696086,0.0,0.46489877,0.0,0.0,-0.49902546,0.0048888745,0.2854085,-0.41617706,0.012004876,0.03264007,0.0,-0.1972358,0.0,0.3480976,0.0,0.0,0.0,0.0,0.0,0.0,-0.024257606,0.62432706,-0.24310663,0.03467244,0.043647416,-0.031412702,-0.018999983,0.0,-0.002556752,8.627892e-05,0.0,0.0,-0.0009786526,-0.90952075,0.0,0.0,-0.0024210974,0.0,0.13039753,0.013001217,-0.033730157,0.0,0.0035641799,-0.0029614307,0.03018348,0.0,0.0,-0.00066081167,0.014530905,0.01439927,0.0,0.0,-0.7486992,0.01420141,-0.17990342,0.0,0.017519213,0.01029232,-0.010306632,0.0,0.0,0.02110159,-0.006009691,-1.4102305,0.40558663,-0.05575924,-0.016186085,-0.4154299,-0.051982895,-0.008472727,0.015903275,0.070148796,0.0,-0.00185713,0.0,0.0712534,0.0,0.0033223028,0.0,0.29727003,0.55371493,0.0,0.0,0.0,0.0,0.16122924,0.0,-0.014533954,-0.0037492411,-0.87244844,0.0,-0.38877943,0.012467263,0.4449325,-0.19656344,0.0,0.0,0.0,0.0,0.0,-1.6923131,0.0,0.029465886,0.0,0.0,0.0,0.0,0.0029961097,-0.0016604236,-0.047381654,0.0,0.017752007,0.0,0.0,0.0,-0.016124211,0.09024017,-0.059838884,0.0,0.0,0.0,0.0,0.04713057,0.0,0.0,0.0,0.08439162,-0.55361986
1.7530469,2.2315776,0.46927375,1.6843344,0.0907966,-0.7769911,-0.08266196,-0.05898588,0.20739613,-0.005467831,0.0,0.0,0.0,0.10260312,0.058237527,0.093404785,-0.025409885,0.0,-0.7106013,-10.258386,-0.038095914,0.6170269,0.0,-0.06759064,-0.018210957,-0.016696086,0.0,-0.81067574,0.0,0.0,-0.3390266,0.010211076,0.37072968,-0.4117895,0.020888504,0.038917135,0.0,-0.20559734,0.0,0.39474252,0.0,0.0,0.0,0.0,0.0,0.0,-0.028877078,-0.33469567,-0.05627048,0.03467244,0.05388198,-0.032850374,0.03522912,0.0,-0.0022200453,8.627892e-05,0.0,0.0,-0.0009786526,-1.1299881,0.0,0.0,-0.0024210974,0.0,0.13039753,0.013001217,-0.035213973,0.0,0.0034549958,-0.0017327718,0.029562164,0.0,0.0,-0.0010166334,0.018683396,0.01439927,0.0,0.0,0.097510725,0.01420141,-0.1808289,0.0,0.014647011,-0.0040893042,-0.010306632,0.0,0.0,-0.18472068,-0.009634952,0.46366376,0.42470047,-0.012134275,-0.010433981,-0.67573607,-0.051842544,-0.035257947,0.015456651,0.06654861,0.0,-0.00185713,0.0,0.07225684,0.0,0.0021949545,0.0,0.31572792,0.55696493,0.0,0.0,0.0,0.0,0.23467687,0.0,-0.014882714,-0.008664458,-0.89359486,0.0,-0.4318851,0.011962221,0.6054569,-0.29770866,0.0,0.0,0.0,0.0,0.0,-2.8190088,0.0,0.022067083,0.0,0.0,0.0,0.0,0.0029961097,-0.0040691164,-0.06970677,0.0,0.028091617,0.0,0.0,0.0,-0.016124211,0.10862024,-0.074126996,0.0,0.0,0.0,0.0,-0.7582273,0.0,0.0,0.0,0.08762096,-0.62238103
1.5771099,-2.9446094,0.2995943,1.2848468,-0.24282095,3.5895543,-0.0973348,0.006340829,-1.686284,-0.0037448443,0.0,0.0,0.0,0.07064289,0.062388096,0.125478,-0.031896897,0.0,-0.6948504,-8.604872,-0.006679876,0.4444163,0.0,-0.06741356,-0.018244818,-0.06170822,0.0,-0.42370385,0.0,0.0,-0.39025828,0.010211076,0.31173664,-0.43184248,-0.0056137475,0.038917135,0.0,-0.10318056,0.0,-4.1178665,0.0,0.0,0.0,0.0,0.0,0.0,0.05338388,-0.28805482,0.09317785,-0.038648862,0.050481573,-0.09599988,0.070533976,0.0,-0.00435362,0.00019412758,0.0,0.0,-0.0009786526,-0.7411705,0.0,0.0,-0.005551765,0.0,0.07188018,0.0062021217,-0.03796815,0.0,0.004048319,-0.0029614307,0.013921108,0.0,0.0,-0.0010166334,0.018683396,0.021278907,0.0,0.0,-1.4913625,0.008542313,-0.20331918,0.0,0.015599731,0.023896249,-0.046903793,0.0,0.0,0.017222144,-0.011084968,0.32130444,0.37673742,-0.009904553,-0.032454096,0.010383317,-0.042544857,-0.020146841,0.014668527,0.06195916,0.0,0.012706186,0.0,0.06132369,0.0,0.0016171979,0.0,0.34450498,-2.9351025,0.0,0.0,0.0,0.0,0.180734,0.0,-0.018338121,-0.020389915,-0.85970163,0.0,-0.4710118,0.013693627,0.5248615,-0.31405878,0.0,0.0,0.0,0.0,0.0,-2.7227273,0.0,0.01339731,0.0,0.0,0.0,0.0,-0.03804378,-0.0040691164,-0.06970677,0.0,0.028091617,0.0,0.0,0.0,-0.016124211,0.07516846,-0.09908405,0.0,0.0,0.0,0.0,-1.0677459,0.0,0.0,0.0,0.13994873,-0.68990123
3.0167103,0.058966264,0.20664366,1.4254335,-0.040713932,-0.65130615,-0.04649105,0.013024631,-3.3332098,-0.008821517,0.0,0.0,0.0,0.11532183,0.16018724,-0.034772836,-0.03433932,0.0,0.16397011,2.2369943,-0.003519845,0.41012526,0.0,-0.08073142,-0.013098508,-0.026324237,0.0,-1.6609542,0.0,0.0,-0.32767555,0.012982176,0.35918227,-0.27006894,0.004988703,0.064230196,0.0,0.30340943,0.0,0.45233962,0.0,0.0,0.0,0.0,0.0,0.0,-0.06257138,-0.21984845,-0.12970108,0.081933744,0.048249852,-0.04181699,-0.2237938,0.0,-0.003833707,8.627892e-05,0.0,0.0,-0.0009786526,-0.926227,0.0,0.0,-0.005551765,0.0,0.12312018,0.0054442156,0.12103633,0.0,0.0035641799,-0.0017700301,0.023382638,0.0,0.0,-0.0010166334,-0.43683887,-0.010200419,0.0,0.0,0.10822681,0.01420141,-0.26938707,0.0,0.016728802,-0.008319141,-0.013973322,0.0,0.0,0.0423802,-0.007219823,0.3691275,0.40938118,-0.009386884,-0.008250268,0.00095913187,0.052899435,-0.008016761,-0.87566936,0.06108794,0.0,-0.0011539449,0.0,0.1382996,0.0,0.001554965,0.0,0.4857572,1.0338919,0.0,0.0,0.0,0.0,-1.6157248,0.0,-0.014181848,-0.008664458,2.9694097,0.0,-0.37061682,0.014864707,1.1789804,-0.19227776,0.0,0.0,0.0,0.0,0.0,0.524456,0.0,0.005789426,0.0,0.0,0.0,0.0,0.0012499888,-0.0016344134,-0.024446148,0.0,0.07016848,0.0,0.0,0.0,-0.016124211,0.043730058,-0.06340049,0.0,0.0,0.0,0.0,-0.97644067,0.0,0.0,0.0,0.09688709,-0.55622417
-29.11023,-3.9326859,-0.45670173,-2.07267,-0.7602251,-6.1588087,-0.14881188,-0.4023303,-0.41583413,-0.004467196,0.0,0.0,0.0,0.009447289,-0.44632432,-0.03868439,-0.019024087,0.0,0.0907467,0.8671984,-0.024421975,0.20736171,0.0,-0.15657729,-0.12703104,-0.059907805,0.0,-0.06804617,0.0,0.0,-0.20196483,0.0056860126,-2.249385,-0.09503938,-0.004617664,0.019126417,0.0,-0.25441313,0.0,-2.7677686,0.0,0.0,0.0,0.0,0.0,0.0,-0.16036636,-0.06598083,-0.27780733,-0.20173088,0.0059109796,-0.07821967,0.0016249345,0.0,-0.0022180812,0.0002545228,0.0,0.0,0.0014508028,-0.17024443,0.0,0.0,-0.0018817454,0.0,0.04466705,0.005705788,-0.040963627,0.0,0.0034038164,-0.010235952,0.009344313,0.0,0.0,-0.0010166334,0.007630675,-0.0066508837,0.0,0.0,-0.06545615,0.009919804,-0.16353184,0.0,0.01015751,0.022438647,-0.046903793,0.0,0.0,0.00938896,-0.003370367,0.10864619,0.25621617,-0.010809336,-0.043229707,0.0035007065,-0.22112514,-0.0710656,0.012000774,0.05689528,0.0,0.00185713,0.0,0.04636727,0.0,0.0016028385,0.0,0.16687308,0.27187687,0.0,0.0,0.0,0.0,0.1297981,0.0,-0.013779188,-0.00379866,-0.87273854,0.0,-0.2682883,0.013371645,0.38056922,-0.08952458,0.0,0.0,0.0,0.0,0.0,0.40928707,0.0,-0.00027245178,0.0,0.0,0.0,0.0,0.0011741903,-0.0013126062,0.013839887,0.0,0.0214562,0.0,0.0,0.0,-0.149739,0.054172084,-0.051585764,0.0,0.0,0.0,0.0,-1.7506832,0.0,0.0,0.0,-0.08919664,0.08249168
6.311636,0.29153535,-1.4369491,-0.90244615,-0.13340361,2.2311678,-0.08775943,-0.29295826,-0.021124458,-0.003988496,0.0,0.0,0.0,-0.20701644,0.11076162,0.028359512,-0.014408013,0.0,0.16496077,1.6780934,-0.03287389,0.59996295,0.0,-0.06871622,-0.0664042,-0.014888952,0.0,-0.025938708,0.0,0.0,0.43630219,0.027774066,0.48702863,-0.15178192,-0.024734674,0.050238404,0.0,-0.3254991,0.0,-5.01133,0.0,0.0,0.0,0.0,0.0,0.0,-0.029471463,-0.11103817,-0.20282176,0.16423416,0.022476366,-0.031946268,0.07847777,0.0,-0.0040149493,8.627892e-05,0.0,0.0,-0.0032133858,1.4132429,0.0,0.0,-0.003524546,0.0,0.08103425,0.012926992,-0.04401536,0.0,-0.06388677,-0.010235952,0.014950948,0.0,0.0,-0.0010166334,0.031154457,-0.0065157954,0.0,0.0,-2.5996835,0.013851821,-0.21783794,0.0,0.017020022,-0.017310416,-0.010306632,0.0,0.0,0.016800202,-0.013500098,0.23152354,0.40550643,-0.012134275,-0.03297912,0.11275795,-0.09851596,-0.071723014,0.031142931,0.06340492,0.0,-0.00185713,0.0,0.09976335,0.0,0.001893692,0.0,-2.7138903,0.85968107,0.0,0.0,0.0,0.0,0.15046446,0.0,-0.0066835666,-0.011127056,-1.129051,0.0,-0.37852454,0.013805222,0.992715,-0.050612815,0.0,0.0,0.0,0.0,0.0,0.31810609,0.0,0.0031483106,0.0,0.0,0.0,0.0,0.00090890325,-0.0028821605,0.013839887,0.0,0.07016848,0.0,0.0,0.0,-0.016124211,0.16578145,-0.056585584,0.0,0.0,0.0,0.0,1.097048,0.0,0.0,0.0,-0.14893429,1.43988
-29.648567,-0.58712316,-0.26518056,-1.9773757,0.08686112,-5.903976,-0.15263155,-0.65446645,-1.3065337,0.008164091,0.0,0.0,0.0,0.09696854,-0.454211,0.0024816336,-0.019904025,0.0,0.10528081,0.9836126,-0.014518076,0.2421601,0.0,-0.17803957,0.31434685,-0.059084587,0.0,-0.05477721,0.0,0.0,-0.15127535,0.010355548,0.33006856,-0.103435375,-0.004617664,0.025541842,0.0,-0.2748488,0.0,0.46761402,0.0,0.0,0.0,0.0,0.0,0.0,0.1274305,-0.06539949,-0.09711848,-0.2052908,-0.0460394,-0.084730074,0.037814815,0.0,-0.0022180812,-0.0036107728,0.0,0.0,0.0014508028,-0.15519047,0.0,0.0,-0.003524546,0.0,0.07185115,-0.021923942,-0.04090585,0.0,0.004196861,0.051179755,0.0089979,0.0,0.0,-0.0010166334,-0.09596048,-0.004229758,0.0,0.0,-0.822266,0.009919804,-0.110036165,0.0,0.01015751,0.022849979,-0.046903793,0.0,0.0,0.014894549,-0.003370367,-0.4453949,0.35651731,-0.0123114325,-0.052144,0.06416027,0.27449092,-0.05781825,0.015599752,0.06313314,0.0,0.00185713,0.0,0.04636727,0.0,0.0022328137,0.0,0.17551546,0.33643186,0.0,0.0,0.0,0.0,0.11559181,0.0,-0.013779188,-0.005343304,-0.67736304,0.0,-0.19171996,0.013371645,0.3813607,0.12822801,0.0,0.0,0.0,0.0,0.0,0.39411977,0.0,-0.00095700927,0.0,0.0,0.0,0.0,0.0011741903,-0.0028821605,0.013839887,0.0,0.0287635,0.0,0.0,0.0,-0.149739,0.0698942,-0.03796001,0.0,0.0,0.0,0.0,-2.0242672,0.0,0.0,0.0,-0.10866513,0.059616275
-27.95927,-0.5054804,0.20817646,-1.7589306,0.28548518,-5.291137,-0.12534714,-0.6392642,-1.0024723,0.004742196,0.0,0.0,0.0,0.109528996,-0.44909382,-0.0346164,-0.016997632,0.0,0.1147749,0.8957568,-0.024421975,0.27260584,0.0,-0.14980903,0.31434685,-0.058679577,0.0,-0.05477721,0.0,0.0,-0.16015239,0.010355548,0.33006856,-0.10543081,0.010819255,0.025541842,0.0,-0.24288367,0.0,0.48782626,0.0,0.0,0.0,0.0,0.0,0.0,0.14297555,-0.06623923,-0.09711848,0.6838213,-0.047983788,-0.05517056,0.029927423,0.0,-0.0022180812,0.0012035909,0.0,0.0,0.0014508028,-0.15319437,0.0,0.0,-0.003524546,0.0,0.06765483,0.01587154,-0.028853867,0.0,0.004196861,-0.010235952,0.0089979,0.0,0.0,-0.0010166334,0.00679918,-0.004229758,0.0,0.0,-0.81401503,0.011827493,-0.110036165,0.0,0.01015751,0.022849979,-0.046903793,0.0,0.0,0.014894549,-0.003370367,0.157478,0.3678979,-0.009474288,0.12716338,0.06727166,0.27449092,-0.05781825,0.015599752,0.06348434,0.0,0.00185713,0.0,0.04636727,0.0,0.0022328137,0.0,0.17949754,-1.5407269,0.0,0.0,0.0,0.0,0.11164806,0.0,-0.013779188,-0.00379866,-0.6373652,0.0,-0.19171996,0.013371645,0.3813607,0.12822801,0.0,0.0,0.0,0.0,0.0,0.38850752,0.0,0.007295724,0.0,0.0,0.0,0.0,0.0011741903,0.015851881,0.013839887,0.0,0.0287635,0.0,0.0,0.0,0.41060138,0.0698942,0.05876104,0.0,0.0,0.0,0.0,-1.7772853,0.0,0.0,0.0,-0.0855807,0.103154086
-22.539642,-4.026768,-0.32410467,9.405507,0.40706208,-6.8465123,-0.121721625,-0.53902626,-0.025048716,0.0052704443,0.0,0.0,0.0,0.0998827,0.049647268,0.046712883,-0.016535886,0.0,0.18076047,0.98377556,-0.015175893,0.2446966,0.0,-0.14743243,-0.07889494,-0.042788103,0.0,-0.0324087,0.0,0.0,0.46939364,0.010355548,0.32654864,-0.108693026,-0.04407747,0.019126417,0.0,-0.22549856,0.0,0.4844679,0.0,0.0,0.0,0.0,0.0,0.0,0.13124126,-0.06598083,0.14884181,-0.19413072,-0.042433485,-0.072122395,0.13326806,0.0,-0.0022180812,0.0012035909,0.0,0.0,0.0020667557,-0.16322356,0.0,0.0,-0.0018817454,0.0,0.051864102,0.014425884,-0.035774525,0.0,0.0038838382,0.051179755,0.018803542,0.0,0.0,-0.0010166334,0.007630675,-0.004229758,0.0,0.0,0.04881175,0.009919804,-0.11652376,0.0,0.009232294,0.01685142,-0.012372338,0.0,0.0,0.014982347,-0.0037548987,0.13683392,0.3730497,-0.020229025,0.115641005,0.06403429,-0.2936615,-0.060998727,0.012788898,0.06614544,0.0,-0.00185713,0.0,0.07224931,0.0,0.003247114,0.0,0.23376837,0.37125468,0.0,0.0,0.0,0.0,0.15361036,0.0,-0.015314889,-0.005343304,-0.85200536,0.0,-0.17804876,0.013371645,0.40268102,0.12822801,0.0,0.0,0.0,0.0,0.0,0.4942009,0.0,-0.036532115,0.0,0.0,0.0,0.0,0.0011741903,-0.0013126062,0.013839887,0.0,0.0214562,0.0,0.0,0.0,0.41060138,0.13587849,-0.040276296,0.0,0.0,0.0,0.0,-2.2597456,0.0,0.0,0.0,-0.045229197,0.0041996017
7.7397447,-0.28486267,-0.7476302,1.7619237,0.48042184,-4.0688567,1.0514224,-0.22294302,0.3829619,0.006669432,0.0,0.0,0.0,0.19317555,0.05662342,0.04687652,-0.008971974,0.0,0.18850154,1.8506819,-0.01842516,0.64345175,0.0,-0.15340224,-0.018375883,0.14314404,0.0,-0.050103463,0.0,0.0,0.5119585,0.027774066,0.48929694,-0.16606441,0.036206774,0.053859122,0.0,-0.1955344,0.0,0.50964254,0.0,0.0,0.0,0.0,0.0,0.0,0.17771646,-0.10693394,0.14394222,-0.053758655,-0.04738577,-0.037276745,0.056501206,0.0,-0.0022180812,0.0012035909,0.0,0.0,0.0020667557,-0.24337026,0.0,0.0,-0.003524546,0.0,0.084211126,0.01587154,-0.038441587,0.0,0.007607474,0.051179755,0.014946442,0.0,0.0,-0.0010166334,0.017360345,-0.004229758,0.0,0.0,0.24545465,0.009424724,-0.20540018,0.0,0.017109906,0.020429246,0.23451893,0.0,0.0,0.014894549,-0.003370367,0.18050598,0.4393302,-0.01310128,0.1230361,0.15779558,-0.07133331,-0.044114247,0.031931054,0.06933701,0.0,0.00185713,0.0,-0.44947192,0.0,0.0022334303,0.0,0.35212538,-2.4403796,0.0,0.0,0.0,0.0,0.17914785,0.0,-0.015314889,-0.0043267454,-0.8844601,0.0,-0.18207708,0.012742429,1.125754,0.12822801,0.0,0.0,0.0,0.0,0.0,0.7857752,0.0,-0.059128698,0.0,0.0,0.0,0.0,0.0011741903,-0.0028821605,0.013839887,0.0,0.073252484,0.0,0.0,0.0,-0.028627507,0.12133551,-0.027281966,0.0,0.0,0.0,0.0,-2.5473444,0.0,0.0,0.0,-0.09539678,0.36812058
-20.219452,-3.6509929,-0.322982,9.151909,-0.45249572,-4.7995644,1.0514224,-0.54197395,0.042509284,0.0049143,0.0,0.0,0.0,0.011230457,0.041673146,0.061851393,-0.007529745,0.0,0.11676612,0.8964723,-0.024421975,0.23803687,0.0,-0.15766606,-0.06712361,-0.062456932,0.0,-0.04350291,0.0,0.0,-0.15494926,0.010355548,0.33960727,-0.10442279,-0.004697105,0.019126417,0.0,-0.13320923,0.0,0.47419235,0.0,0.0,0.0,0.0,0.0,0.0,0.17303304,-0.076306134,-0.18574053,-0.12986833,0.031499792,-0.045278896,-0.03487476,0.0,-0.0022180812,-0.0036107728,0.0,0.0,0.0020667557,-0.15319437,0.0,0.0,-0.0018817454,0.0,0.06765483,0.010948044,-0.04090585,0.0,0.0034038164,-0.010235952,0.014946442,0.0,0.0,-0.0010166334,0.0067303306,-0.004229758,0.0,0.0,0.09262678,-0.06864674,-0.114260875,0.0,0.0087052295,0.022849979,0.23451893,0.0,0.0,0.014739194,-0.003370367,0.13205527,0.34634155,0.05000456,-0.04518783,0.045090873,0.26869097,0.03961284,0.012788898,0.06291021,0.0,0.00185713,0.0,-0.19604456,0.0,0.0022328137,0.0,-0.725463,-1.4151746,0.0,0.0,0.0,0.0,0.12101657,0.0,-0.013779188,-0.00379866,-0.66273373,0.0,-0.20997843,0.013371645,0.38782892,0.12822801,0.0,0.0,0.0,0.0,0.0,0.43935275,0.0,0.007295724,0.0,0.0,0.0,0.0,0.0011741903,-0.0013126062,0.013839887,0.0,0.024006551,0.0,0.0,0.0,-0.13195926,0.120116,-0.04189797,0.0,0.0,0.0,0.0,-1.8681321,0.0,0.0,0.0,0.06286835,0.08381857
2.999988,4.3703375,-1.1335737,1.4467019,-0.30300796,-4.289291,-0.11280398,0.17588076,0.7563934,0.005055264,0.0,0.0,0.0,0.12826432,0.08220774,0.06713337,0.12005017,0.0,0.22086868,1.5202315,-0.005838981,-0.34936908,0.0,-0.15875633,-0.018244818,-0.017410992,0.0,-0.19097768,0.0,0.0,-0.3397174,-0.56489897,0.27074763,-0.27131373,0.008744525,-0.48902637,0.0,-0.3163002,0.0,0.36103788,0.0,0.0,0.0,0.0,0.0,0.0,0.036881637,-0.11923471,-0.021790912,0.21520977,-0.020607743,0.10707917,0.128276,0.0,-0.006522686,0.00019412758,0.0,0.0,0.0019573052,-0.8437363,0.0,0.0,-0.0034429594,0.0,0.041481577,-0.02714445,-0.028123856,0.0,0.0032647308,-0.004067147,0.034036074,0.0,0.0,-0.002808449,-0.10760929,-0.004483958,0.0,0.0,0.23766968,0.015924584,-0.19327056,0.0,0.014417838,0.0004177615,-0.006521536,0.0,0.0,-0.085164204,-0.0060096905,0.31237763,0.23121187,-0.037049226,-0.025988601,0.1080903,-0.07474906,0.1823821,0.016785873,-2.4837887,0.0,0.00185713,0.0,-0.7702095,0.0,-0.0028329014,0.0,0.35149935,-4.746858,0.0,0.0,0.0,0.0,0.19967224,0.0,0.078079134,-0.0014691977,-1.0980065,0.0,-0.5275649,-0.22043744,0.9923915,-0.1448334,0.0,0.0,0.0,0.0,0.0,0.6223381,0.0,-0.037583858,0.0,0.0,0.0,0.0,0.00097633444,-0.0012249268,0.0057253493,0.0,0.073252484,0.0,0.0,0.0,-0.04640724,-0.20990914,0.014231719,0.0,0.0,0.0,0.0,0.4625774,0.0,0.0,0.0,0.13317585,-0.51390845
-29.663153,0.25394875,0.21589333,-1.2598668,0.31983662,-5.5391765,-0.13707428,-0.8076685,-0.14657873,0.0039229235,0.0,0.0,0.0,-0.071545176,0.04450308,-0.11069756,-0.014684731,0.0,0.11046256,0.83642745,-0.025200255,0.25096586,0.0,-0.14420928,-0.026617115,-0.030633515,0.0,-0.04926477,0.0,0.0,0.40744647,0.010355548,0.34938788,-0.109443314,-0.0064453008,0.025541842,0.0,-0.18094143,0.0,0.38690442,0.0,0.0,0.0,0.0,0.0,0.0,0.06964465,-0.06524517,-0.09334416,-0.17660876,-0.051938273,-0.100337766,-0.1258799,0.0,-0.0040149493,0.00019412758,0.0,0.0,0.0014508028,-0.19367832,0.0,0.0,-0.003524546,0.0,0.06974828,-0.014496371,-0.024489,0.0,0.0036485235,-0.010235952,0.0089979,0.0,0.0,-0.0010166334,0.007630675,-0.0054181884,0.0,0.0,-1.0488303,-0.0591133,-0.12895586,0.0,0.010609386,0.014381296,-0.034327116,0.0,0.0,-0.13673562,-0.011084968,0.17460716,0.37010235,-0.011065198,-0.052144,0.07124945,0.27197433,-0.073557265,0.015599752,0.06596602,0.0,0.00185713,0.0,-0.2588057,0.0,0.0022328137,0.0,0.24850278,-1.7962828,0.0,0.0,0.0,0.0,0.11437459,0.0,-0.013779188,-0.012817355,-0.64732456,0.0,-0.23827629,0.013371645,0.42053398,0.11514188,0.0,0.0,0.0,0.0,0.0,0.28999254,0.0,0.007557051,0.0,0.0,0.0,0.0,0.0011741903,-0.0028821605,0.013839887,0.0,-0.24225135,0.0,0.0,0.0,0.41060138,0.08446959,0.027922977,0.0,0.0,0.0,0.0,0.29768938,0.0,0.0,0.0,0.069335856,0.6467343
-21.783972,-0.7893858,0.20639662,-1.7834023,-0.014450756,-6.7291903,-0.10879689,-0.19931558,-0.43068996,0.023924664,0.0,0.0,0.0,-0.19025812,0.040983457,-0.04829723,-0.010790503,0.0,-0.25035247,1.1029813,-0.028887346,0.43221608,0.0,-0.152474,-0.12703104,-0.020559324,0.0,-0.9989301,0.0,0.0,-0.21915488,0.0023800558,0.2572852,-0.105919115,-0.008326794,0.023544203,0.0,-0.1964532,0.0,-3.7834165,0.0,0.0,0.0,0.0,0.0,0.0,0.039417572,-0.121532276,-0.26362026,-0.19186285,-0.018745832,-0.07190015,0.016306775,0.0,-0.0066553797,-0.0005823828,0.0,0.0,0.0014508028,0.54061085,0.0,0.0,-0.003524546,0.0,0.036525376,-0.02732587,-0.03578975,0.0,0.003381382,-0.010235952,-0.071858466,0.0,0.0,-0.0010166334,0.008379574,-0.0040831333,0.0,0.0,-0.07214757,0.015289869,-0.1314842,0.0,0.00962916,0.014462268,-0.00743787,0.0,0.0,0.016780345,-0.0037548987,0.17503601,-3.875177,-0.02998396,-0.03756213,0.10449817,-0.26920822,-0.079821855,0.013227265,0.05290731,0.0,0.012706186,0.0,0.070429094,0.0,-0.001198971,0.0,0.32396016,0.42107105,0.0,0.0,0.0,0.0,0.17586598,0.0,-0.0069519076,-0.01349413,-1.0884249,0.0,-0.31179178,0.012160733,0.434559,-0.053332224,0.0,0.0,0.0,0.0,0.0,-2.040117,0.0,-0.08970305,0.0,0.0,0.0,0.0,0.0011741903,-0.0028821605,0.013839887,0.0,0.03131385,0.0,0.0,0.0,-0.0941636,-0.5897866,0.039886072,0.0,0.0,0.0,0.0,0.31735954,0.0,0.0,0.0,0.074104615,0.6318326
0.57909024,-25.19646,-1.1412396,-1.2284166,-0.3210538,-0.26397014,-0.089046836,0.102765545,0.59269744,-0.005070108,0.0,0.0,0.0,-0.3250391,0.08699349,0.012726879,-0.019885113,0.0,0.22109202,1.0671961,-0.0016002376,-0.6277308,0.0,0.5060853,-0.06634704,-0.011044163,0.0,-0.7916478,0.0,0.0,0.781539,0.0064754365,-3.6041734,-0.5414719,0.00998499,0.04028435,0.0,-0.3518182,0.0,0.2720678,0.0,0.0,0.0,0.0,0.0,0.0,-0.024487218,-0.40310472,-0.038293198,0.16423416,0.017935267,-0.03124822,-0.001216538,0.0,-0.002324034,8.627892e-05,0.0,0.0,-0.0006706762,-1.2677294,0.0,0.0,-0.0024210974,0.0,0.08213041,0.006316142,-0.0156145645,0.0,0.0023190193,-0.0018703253,0.030750241,0.0,0.0,-0.00066081167,0.027417552,-0.004035249,0.0,0.0,0.11306466,0.009227254,-1.272987,0.0,0.009137047,0.0046300306,-0.006521536,0.0,0.0,0.00978719,-0.0018534196,0.11278322,0.2689525,-0.018317832,-0.009327744,-0.15442806,-0.03924635,-0.01543676,0.031306796,-2.82015,0.0,-0.00185713,0.0,0.16906978,0.0,-0.0020071394,0.0,0.34486848,0.6396577,0.0,0.0,0.0,0.0,-1.9830203,0.0,-0.006089987,0.0115824435,-1.1628608,0.0,-0.8182695,-0.3093509,-5.3756237,-0.29770866,0.0,0.0,0.0,0.0,0.0,0.25083202,0.0,0.018386787,0.0,0.0,0.0,0.0,0.00097633444,-0.0009841734,0.018621096,0.0,0.029563388,0.0,0.0,0.0,-0.016124211,-0.8963024,-0.042083062,0.0,0.0,0.0,0.0,0.10128482,0.0,0.0,0.0,0.07417278,-0.3922064
-27.04839,-0.53073454,0.22168264,-2.0535398,0.108864695,-6.782822,-0.113238685,-0.08022938,0.3644885,0.023924664,0.0,0.0,0.0,-0.05142707,0.041197967,-0.02308684,-0.016634861,0.0,0.14003101,1.0969307,-0.021551816,0.26362756,0.0,-0.15171345,-0.12703104,-0.020559324,0.0,-0.07143812,0.0,0.0,-0.20345679,0.0063617844,0.30265853,-0.11395081,0.003416794,0.025541842,0.0,-0.19136636,0.0,-3.4385717,0.0,0.0,0.0,0.0,0.0,0.0,0.036283795,-0.07828515,-0.27072567,-0.19757912,-0.02356358,-0.08854946,-0.023986217,0.0,-0.0022180812,0.00019412758,0.0,0.0,0.0014508028,-0.17528778,0.0,0.0,-0.003524546,0.0,0.06002544,-0.014496371,-0.030796109,0.0,0.003381382,-0.010235952,0.009866551,0.0,0.0,-0.0010166334,0.007630675,-0.0040831333,0.0,0.0,-1.1973848,0.015289869,0.39663088,0.0,0.010581881,0.020656785,-0.016919786,0.0,0.0,0.016692547,-0.003370367,0.17503601,0.3593855,-0.021672225,-0.050185874,0.043283217,-0.29278022,-0.09825454,0.013227265,0.06249987,0.0,0.00185713,0.0,-0.32195708,0.0,-0.012793706,0.0,0.22004694,0.38437286,0.0,0.0,0.0,0.0,0.12051631,0.0,-0.013779188,-0.00599763,-1.0804495,0.0,-0.2791023,-0.22757035,0.24201213,0.12822801,0.0,0.0,0.0,0.0,0.0,-1.9754922,0.0,0.0039918222,0.0,0.0,0.0,0.0,0.0011741903,-0.0028821605,0.013839887,0.0,0.03131385,0.0,0.0,0.0,-0.149739,-0.31759098,0.039274838,0.0,0.0,0.0,0.0,0.4847688,0.0,0.0,0.0,0.061201002,0.6609055
